{"type":"FeatureCollection","features":[{"type":"Feature","properties":{"nombre":"Gustavo A. Madero","n":360,"price_median":852.5,"price_mean":1149.02},"geometry":{"type":"Polygon","coordinates":[[[-99.12370608971926,19.592757279801766],[-99.11946222020417,19.591991980042575],[-99.11788785023795,19.59059230958174],[-99.11859756968687,19.584461719994636],[-99.11690614038423,19.581444599901605],[-99.11466171977403,19.579796310144435],[-99.11296557013688,19.573741679570773],[-99.11181804957741,19.56872692106012],[-99.10809722039524,19.56488849054057],[-99.11571862954997,19.55666026125662],[-99.11562145992875,19.554039621084616],[-99.11848011859756,19.552185220603043],[-99.12103573914634,19.54913195058655],[-99.1219787486477,19.5468731100373],[-99.12273297033963,19.54544371083449],[-99.12421391023442,19.544027280155408],[-99.12598179982967,19.54164050956134],[-99.1281464203252,19.53939148025099],[-99.1305745996586,19.536091289745855],[-99.12736766041466,19.535083910095334],[-99.12737791022357,19.5317106613254],[-99.12818363006345,19.525881290444495],[-99.12800457885267,19.524531120571933],[-99.12738434965475,19.52406760079612],[-99.12589848960978,19.52120818002529],[-99.12527637971893,19.520499940400626],[-99.12101471944409,19.516291650230382],[-99.11688191963745,19.513236889839785],[-99.11592876939875,19.513051770184095],[-99.11440710953359,19.51106082041116],[-99.1105893089564,19.511173140798423],[-99.11023187876732,19.511041550154886],[-99.10989788915455,19.51045845026692],[-99.10943307954673,19.51031197012703],[-99.10897408959218,19.511110350183944],[-99.10864562968675,19.510491279819846],[-99.10783857992645,19.51046249020729],[-99.10763552001613,19.511026549880356],[-99.10730429011426,19.50968500032287],[-99.1070423688057,19.510178399982003],[-99.10673952005442,19.51044505002083],[-99.10622424867016,19.51024311123245],[-99.10593158010865,19.50988637001042],[-99.10551571042775,19.51032813971434],[-99.10343071976381,19.51128621967014],[-99.10058848022254,19.51184783026391],[-99.09739952005643,19.512631249716044],[-99.09025634981158,19.50941848987485],[-99.08540389006113,19.507476979880078],[-99.07721536986709,19.503884600186055],[-99.0638625397748,19.49877871093436],[-99.06593493982287,19.49409234018336],[-99.06799134014997,19.489083219755187],[-99.06785067997242,19.48893668020429],[-99.06485289013852,19.48183597021704],[-99.06455888047859,19.481550259574067],[-99.06327782029797,19.481267649898907],[-99.06361037044665,19.479969569911272],[-99.06299704981953,19.479819319834615],[-99.06336101970568,19.478609280229136],[-99.05945444947837,19.469639849693248],[-99.05654520008343,19.463255579589134],[-99.05086862051175,19.450181175771462],[-99.05256431921381,19.44842215038315],[-99.06228516863668,19.444790520279547],[-99.06722821983448,19.4465307803867],[-99.06738369005222,19.44664229026662],[-99.06808785999384,19.446436550315205],[-99.06859567965219,19.446476180388483],[-99.0780981703705,19.449747090295872],[-99.07932118022796,19.44979543018238],[-99.08087674933441,19.45015732044036],[-99.08715633998528,19.44576686000184],[-99.08753182025899,19.446410521036107],[-99.08793483010288,19.44685620074833],[-99.09192577965327,19.45057704976181],[-99.09265346005134,19.451226520411282],[-99.09321979984983,19.45160022985847],[-99.09393537000993,19.451775800114845],[-99.09473770958172,19.45175675001967],[-99.09969919983314,19.449943449652686],[-99.10046121999902,19.44982757991346],[-99.10136629046269,19.449942399925433],[-99.1085930210988,19.452574221814878],[-99.10854257825007,19.452750818941027],[-99.10871231030724,19.4528132301802],[-99.1088912896479,19.452878550315138],[-99.1089458900551,19.452733629554906],[-99.11161523025179,19.45370617036383],[-99.11229868034445,19.45413970996625],[-99.11471494994079,19.45611848032224],[-99.11726902017165,19.45806703035358],[-99.12755069018446,19.461527250194504],[-99.1328616302068,19.4646414902808],[-99.13333668014513,19.464854170449115],[-99.13383826014622,19.464961479757662],[-99.13922354987413,19.46518333976269],[-99.14080726021369,19.465352819694143],[-99.14121281978906,19.46546838023787],[-99.14165002003045,19.465799000266678],[-99.14193263040625,19.465824369640835],[-99.14237039962833,19.46564881984795],[-99.14311812015994,19.465062690269324],[-99.14305468007937,19.46543691976479],[-99.14318501969495,19.46604710980709],[-99.14972011975075,19.483238149549766],[-99.15694976977619,19.50271725008963],[-99.1571811098996,19.502848889580942],[-99.16297519975923,19.51796148989513],[-99.1699626595952,19.522055430430992],[-99.17418229042967,19.52346561959782],[-99.17463071016317,19.524065029657898],[-99.17136727982076,19.527188519935454],[-99.1753609496936,19.530094620367763],[-99.17615357979135,19.52887352014117],[-99.17704574038639,19.52932847975316],[-99.17627856973613,19.530642570318957],[-99.17634949045129,19.530716379845053],[-99.17601146018136,19.532036049677],[-99.17495412002357,19.5318781096299],[-99.1723726898613,19.530868750226844],[-99.16767249017754,19.52925077018462],[-99.1591586501126,19.5269033500381],[-99.15882913960756,19.527254260392603],[-99.15679812027018,19.528090770049157],[-99.15859871970326,19.52885786036692],[-99.15584725010933,19.532440479651655],[-99.15851348023735,19.53392102957925],[-99.15804496963958,19.53528899999052],[-99.15410785041004,19.540080140267378],[-99.15108489023955,19.5448457098976],[-99.15535442015356,19.546868510939415],[-99.15864577974473,19.548320321141148],[-99.15852851994926,19.54882109002168],[-99.15938016898723,19.548980250631406],[-99.15920828988432,19.54920231017889],[-99.15967767920272,19.549219460729937],[-99.16007500047215,19.549107890246134],[-99.16089999976903,19.549260880269564],[-99.15809202002248,19.553691420798685],[-99.15756896992583,19.555047400468396],[-99.15776050882926,19.55595090985882],[-99.1580470286565,19.556492880096037],[-99.15809551926932,19.55735134004892],[-99.15614379889459,19.560154450613947],[-99.15423821911156,19.56137606099533],[-99.15333267914636,19.561557549933415],[-99.15280870884547,19.561964659758843],[-99.15161645003454,19.5613782597206],[-99.15090062877104,19.560520349968108],[-99.14918591961629,19.56201285031739],[-99.1489955697907,19.562374479566223],[-99.14680482008798,19.56463548012618],[-99.14599555033108,19.565901290154134],[-99.14580738036513,19.56874805004542],[-99.14476045023882,19.5708273704463],[-99.14366518004708,19.572183769831597],[-99.13956813953666,19.57539504955737],[-99.1391416804123,19.57846789038952],[-99.13790437986363,19.58113470959607],[-99.13375974883296,19.584888109595067],[-99.13376085007992,19.5862436302008],[-99.1307103099576,19.587149539656053],[-99.12699260035546,19.588507689964967],[-99.12370608971926,19.592757279801766]]]}},{"type":"Feature","properties":{"nombre":"Iztapalapa","n":259,"price_median":820.0,"price_mean":1165.04},"geometry":{"type":"Polygon","coordinates":[[[-99.05826756865078,19.400735850175938],[-99.05496077971497,19.399389489691448],[-99.01957205014058,19.38325634980944],[-99.01016470986454,19.37832519773868],[-98.99193917768585,19.367598709993928],[-98.9917999790716,19.36746108012338],[-98.99175537915775,19.367003769827704],[-98.99346759933746,19.360383720200318],[-98.9941752596969,19.35904815086275],[-98.99444777911286,19.358846111168145],[-98.99454728030692,19.358566449680033],[-98.99455665947977,19.358141320851274],[-98.99146742001105,19.35546419969847],[-98.97879331979637,19.343289280040302],[-98.97780842909626,19.342124029957212],[-98.97547967945954,19.338329770108437],[-98.97432514948305,19.337026569992993],[-98.96044838638007,19.32537215716283],[-98.9682753104575,19.325722519700967],[-98.96896024153922,19.324742520878377],[-98.97039265023021,19.324927600142697],[-98.97118338030756,19.32543162974895],[-98.97470915035724,19.325667230423743],[-98.97532367967526,19.325643490320214],[-98.9759563994119,19.324946750781383],[-98.97629244884115,19.324938400483887],[-98.97622817948205,19.32429619995861],[-98.97651650989263,19.32425568967577],[-98.97659050857068,19.324947570555974],[-98.9773973797022,19.32522538034211],[-98.97749386002435,19.324768580998064],[-98.97804561893483,19.324992351114926],[-98.97792659910486,19.325285181306143],[-98.97820309021117,19.325331080405405],[-98.97833028022556,19.32464155041357],[-98.97848705007436,19.3246101204361],[-98.97856030960948,19.323902490094692],[-98.97933937005597,19.32396195005872],[-98.98019445033245,19.32414679956319],[-98.98060733959025,19.324656650312555],[-98.97956743032816,19.325787030410034],[-98.97986823001413,19.32613957972765],[-99.00135430897947,19.327133630147372],[-99.02596114033737,19.319338169709948],[-99.03873288995007,19.31572582976501],[-99.03958522988327,19.3146872903043],[-99.04044248953558,19.315414740039632],[-99.04170937039632,19.314339110397782],[-99.04177960041004,19.314416400992954],[-99.04361251940969,19.312207740856294],[-99.04467645028281,19.312971080766864],[-99.04483817024827,19.312777259620795],[-99.04493451875689,19.312861320605016],[-99.04581027860633,19.31403244953787],[-99.04661773860175,19.31487649028583],[-99.04668859946908,19.314669051293894],[-99.04886765908569,19.311884020091252],[-99.0504295689693,19.312957169745655],[-99.05226331980612,19.310760520232428],[-99.0537825999238,19.311859849803596],[-99.05987129002298,19.30444065012158],[-99.06088555003176,19.304858220143455],[-99.06339962995796,19.305684979940708],[-99.06477743003252,19.301643080272196],[-99.0644221198636,19.300604880243863],[-99.06360301984114,19.2986730598481],[-99.06264217037932,19.297303999685752],[-99.062594489831,19.296714539881258],[-99.06212738033824,19.29482215037027],[-99.06197759999206,19.294424950125684],[-99.06156205021077,19.294092249570905],[-99.06163166002372,19.29266310975619],[-99.06282371018473,19.291294710405406],[-99.06757150995354,19.2865019196567],[-99.06896675040447,19.284955850121897],[-99.06915291957242,19.285085739953207],[-99.07218519974008,19.287818259653474],[-99.07494110934897,19.289698140587653],[-99.07731528009757,19.29296291019126],[-99.07802295011547,19.293474020223382],[-99.0803711204452,19.296237179675764],[-99.0831682204422,19.299652320299742],[-99.083590650363,19.30040955024468],[-99.08587527959236,19.3031908499622],[-99.08629183012113,19.303604229644694],[-99.08671830974542,19.303795380023974],[-99.08718538016525,19.304149659804235],[-99.08765888024988,19.30468186029125],[-99.08793553999948,19.305324860082486],[-99.08948686038069,19.307140970353768],[-99.0897717100223,19.30762782034935],[-99.09029242976335,19.308129489878624],[-99.09408894940336,19.312868250259854],[-99.09426539976731,19.312771520171562],[-99.09771010999125,19.31717296986501],[-99.09868547974214,19.318674419711936],[-99.09864533975508,19.318957550330712],[-99.09848874004912,19.319038080044834],[-99.09869649023939,19.319641420201897],[-99.0988006601816,19.320448150444378],[-99.09907625969403,19.320441489639663],[-99.09929842034755,19.32110025974885],[-99.0999538804693,19.321919630109395],[-99.10084271032234,19.32283934010111],[-99.10116957000058,19.323077449787537],[-99.1041861798562,19.32481051003936],[-99.10572932030533,19.326300340300136],[-99.10792921965715,19.328726341281918],[-99.10972110976003,19.331466660880274],[-99.11016754910449,19.33269646045128],[-99.11053825045254,19.333047551072692],[-99.11161824940869,19.333667021271275],[-99.11215848872695,19.334218259989324],[-99.11293457866459,19.335368490976897],[-99.11376391907419,19.336924020092955],[-99.11390744858892,19.33733617076247],[-99.11447548868777,19.340790490486565],[-99.11557153981327,19.343264120191797],[-99.11640453925006,19.344394049898135],[-99.11806117957747,19.34735143000056],[-99.12024205988303,19.350561259786925],[-99.1207773695278,19.351841480074917],[-99.12145358008048,19.353920059702155],[-99.12197972741663,19.357661807428208],[-99.1311779104354,19.358660860346266],[-99.13176296960089,19.357716709683793],[-99.13212703015186,19.35730109028836],[-99.13291485980889,19.356801030010658],[-99.13367423033883,19.356551939599903],[-99.13983600039249,19.35691759964037],[-99.13989382967138,19.357369599890802],[-99.13573047962123,19.37619158031798],[-99.13542468867756,19.377306250002995],[-99.13415139912473,19.37748046005622],[-99.12969985968894,19.377029139792107],[-99.12253391944148,19.375699510274615],[-99.1225929988261,19.380274659625293],[-99.1224765096084,19.382440690414924],[-99.11614185961326,19.382052250331416],[-99.10736236884286,19.380926319744155],[-99.10566671990328,19.38080976975657],[-99.10125042952873,19.38023957971092],[-99.09598617998755,19.379740550382756],[-99.09564765009479,19.37959888025647],[-99.08880136906014,19.3903823100303],[-99.08676749028685,19.390072400080495],[-99.08657047886943,19.390057371077987],[-99.08652653873371,19.39015208965028],[-99.08490702013272,19.38967047963201],[-99.08458373883808,19.389475281005915],[-99.08401798024639,19.39257215034789],[-99.08313963007305,19.39221598028954],[-99.06636556971074,19.383537110185593],[-99.06084840035604,19.382588319970196],[-99.06083148031237,19.383135059815388],[-99.06051010893061,19.385251149895574],[-99.05897694003193,19.39425462040903],[-99.05826756865078,19.400735850175938]]]}},{"type":"Feature","properties":{"nombre":"Cuauhtémoc","n":7259,"price_median":1675.5,"price_mean":2413.58},"geometry":{"type":"Polygon","coordinates":[[[-99.1417404202652,19.46581594023958],[-99.14147934954093,19.465723369837182],[-99.14121281978906,19.46546838023787],[-99.14080726021369,19.465352819694143],[-99.13922354987413,19.46518333976269],[-99.13383826014622,19.464961479757662],[-99.13333668014513,19.464854170449115],[-99.1328616302068,19.4646414902808],[-99.12755069018446,19.461527250194504],[-99.12224155572412,19.459782036734225],[-99.12317991976067,19.458511829665966],[-99.12333157992423,19.458154339562853],[-99.12442274028666,19.453335689688785],[-99.12478237030125,19.452009049642314],[-99.12521266041735,19.451086259893636],[-99.12548128979887,19.450204310170683],[-99.12588903004725,19.448186949978282],[-99.12593005987237,19.447618605278493],[-99.125866580339,19.447404919943263],[-99.12538191971329,19.446647770275465],[-99.12378484857625,19.44357426001923],[-99.12311467860057,19.442659690131713],[-99.12307885519755,19.442495247556863],[-99.1234448903341,19.43955549006277],[-99.12600614934875,19.422872659611127],[-99.12713928963464,19.420378060279436],[-99.12819967527392,19.413759973186842],[-99.12719102947527,19.409595110026608],[-99.12716797040903,19.40901109017657],[-99.1267404790703,19.408822679680384],[-99.12654319966259,19.408261350415234],[-99.12614981936154,19.406678170059813],[-99.12569845986832,19.404330680235336],[-99.12706415023531,19.4040677701237],[-99.130310997898,19.40316487969687],[-99.13111928001422,19.403103060345728],[-99.1354212190063,19.40336257020064],[-99.13563957914326,19.403281050424475],[-99.13603939957144,19.40291083016016],[-99.13644191964208,19.402810649801356],[-99.13703480048181,19.402958199781338],[-99.1373440602022,19.403438200389722],[-99.13764101971354,19.403479570363857],[-99.14762371992286,19.40401450986064],[-99.15632922972897,19.40406328009822],[-99.15772826012578,19.403785519777035],[-99.1617711501418,19.40257481955212],[-99.16380663025937,19.401906850109487],[-99.16754282993818,19.400483479684013],[-99.17043551969839,19.39978979970883],[-99.17037430972246,19.40033178035618],[-99.17076637016741,19.401797879897792],[-99.17107853966517,19.403497169936628],[-99.17261450968286,19.40393051041138],[-99.18430391009299,19.407826979656505],[-99.18293893999262,19.410377060351486],[-99.18214925961928,19.411487399828292],[-99.18050192019422,19.41414486034806],[-99.1781004301451,19.41852415013393],[-99.17776610955393,19.419285819714364],[-99.17749374013206,19.419468519794496],[-99.17714828005785,19.420026950080015],[-99.17674471995811,19.420226290047676],[-99.17654908992266,19.420453860410312],[-99.1763326203037,19.421040489706357],[-99.17627345989791,19.421458220122577],[-99.17566136955173,19.422596150304194],[-99.17550758001745,19.422721749629144],[-99.17529054994654,19.42269442959624],[-99.17505501976859,19.423042800343183],[-99.17509611982062,19.423159289946177],[-99.17567814002237,19.423338459831644],[-99.17621988017011,19.423357969643412],[-99.17763621962222,19.423595690124575],[-99.17378256953214,19.429545249814414],[-99.17220909009515,19.43240252030105],[-99.16848654985532,19.438152020092517],[-99.16641462350059,19.442524180370512],[-99.16578098019156,19.443648680954094],[-99.16433062041332,19.449984681208715],[-99.16419983010712,19.452682430265263],[-99.16382291956559,19.455816850530013],[-99.16308165036277,19.45906292013096],[-99.16257091036134,19.459771820423068],[-99.16126938018942,19.460768020244565],[-99.160865849827,19.46118867991293],[-99.15954890977,19.463324460017635],[-99.15910166005811,19.46369825997485],[-99.15865070988481,19.4639249496536],[-99.15793969012951,19.46408023015702],[-99.15731129040506,19.464054649606428],[-99.1534722002741,19.463271000099645],[-99.15082802956151,19.462948289914504],[-99.15031399991472,19.462960120086777],[-99.14803681999321,19.463507120120518],[-99.14524475024388,19.464315689707405],[-99.14311812015994,19.465062690269324],[-99.14237039962833,19.46564881984795],[-99.14214192014457,19.465769949695556],[-99.1417404202652,19.46581594023958]]]}},{"type":"Feature","properties":{"nombre":"Venustiano Carranza","n":810,"price_median":937.0,"price_mean":1188.14},"geometry":{"type":"Polygon","coordinates":[[[-99.12224155572412,19.459782036734225],[-99.11714884952225,19.457999820060795],[-99.11177513972038,19.453781279613352],[-99.1089458900551,19.452733629554906],[-99.1088912896479,19.452878550315138],[-99.10854257825007,19.452750818941027],[-99.1085930210988,19.452574221814878],[-99.10136629046269,19.449942399925433],[-99.10046121999902,19.44982757991346],[-99.09969919983314,19.449943449652686],[-99.09473770958172,19.45175675001967],[-99.09393537000993,19.451775800114845],[-99.09321979984983,19.45160022985847],[-99.09265346005134,19.451226520411282],[-99.09192577965327,19.45057704976181],[-99.08793483010288,19.44685620074833],[-99.08753182025899,19.446410521036107],[-99.08715633998528,19.44576686000184],[-99.08087674933441,19.45015732044036],[-99.07932118022796,19.44979543018238],[-99.0780981703705,19.449747090295872],[-99.06859567965219,19.446476180388483],[-99.06808785999384,19.446436550315205],[-99.06738369005222,19.44664229026662],[-99.06722821983448,19.4465307803867],[-99.06228516863668,19.444790520279547],[-99.05256431921381,19.44842215038315],[-99.05086862051175,19.450181175771462],[-99.04738597017696,19.443830820526088],[-99.04714077947075,19.443130920204304],[-99.04645906621307,19.442364561977413],[-99.04820907978029,19.43963710973982],[-99.05056204979336,19.434723260019055],[-99.05233217040289,19.43055865993761],[-99.05519643023106,19.424273369830384],[-99.05578649038377,19.42214109056317],[-99.05604532006832,19.42223445130962],[-99.05638794941426,19.421714339696404],[-99.05682564822315,19.421359860024115],[-99.05792215034334,19.420886720064935],[-99.06795254875816,19.42080317999048],[-99.06874328872327,19.42063554002683],[-99.06949545926906,19.420252800509573],[-99.06992064942494,19.419874319577712],[-99.07340662910279,19.414383659928404],[-99.07731240675466,19.408540054605986],[-99.07709170880875,19.408425097336067],[-99.0779785397963,19.407147580038746],[-99.07852145811933,19.406992150357592],[-99.07897827901587,19.407039081221132],[-99.07945913815972,19.406901110460204],[-99.08022695017837,19.406885000268513],[-99.09612330886144,19.409116080289607],[-99.09796674738448,19.40914291987886],[-99.09804342877668,19.409137829772956],[-99.09808162889311,19.40892463057678],[-99.09968032003319,19.40871171966359],[-99.11457147870081,19.40561548099827],[-99.11880973959815,19.405516920236455],[-99.12569845986832,19.404330680235336],[-99.12614981936154,19.406678170059813],[-99.12654319966259,19.408261350415234],[-99.1267404790703,19.408822679680384],[-99.12716797040903,19.40901109017657],[-99.12719102947527,19.409595110026608],[-99.12819967527392,19.413759973186842],[-99.12713928963464,19.420378060279436],[-99.12600614934875,19.422872659611127],[-99.1234448903341,19.43955549006277],[-99.12307885519755,19.442495247556863],[-99.12311467860057,19.442659690131713],[-99.12378484857625,19.44357426001923],[-99.12538191971329,19.446647770275465],[-99.125866580339,19.447404919943263],[-99.12593005987237,19.447618605278493],[-99.12588903004725,19.448186949978282],[-99.12548128979887,19.450204310170683],[-99.12521266041735,19.451086259893636],[-99.12478237030125,19.452009049642314],[-99.12442274028666,19.453335689688785],[-99.12333157992423,19.458154339562853],[-99.12283994033325,19.459002380234008],[-99.12224155572412,19.459782036734225]]]}},{"type":"Feature","properties":{"nombre":"Xochimilco","n":157,"price_median":1000.0,"price_mean":1882.37},"geometry":{"type":"Polygon","coordinates":[[[-99.09869649023939,19.319641420201897],[-99.09848874004912,19.319038080044834],[-99.09864533975508,19.318957550330712],[-99.09870974024437,19.318794920266384],[-99.09844261976696,19.318272659574088],[-99.09771010999125,19.31717296986501],[-99.09426539976731,19.312771520171562],[-99.09408894940336,19.312868250259854],[-99.09029242976335,19.308129489878624],[-99.0897717100223,19.30762782034935],[-99.08948686038069,19.307140970353768],[-99.08793553999948,19.305324860082486],[-99.08765888024988,19.30468186029125],[-99.08718538016525,19.304149659804235],[-99.08671830974542,19.303795380023974],[-99.08615791974313,19.303504430078355],[-99.08458517972669,19.301662909779587],[-99.083590650363,19.30040955024468],[-99.0831682204422,19.299652320299742],[-99.0803711204452,19.296237179675764],[-99.07802295011547,19.293474020223382],[-99.07731528009757,19.29296291019126],[-99.07494110934897,19.289698140587653],[-99.07218519974008,19.287818259653474],[-99.06915291957242,19.285085739953207],[-99.06831062008739,19.284439259758113],[-99.06437017985961,19.281992770028978],[-99.05967262997318,19.280284949888724],[-99.05760034014196,19.279628879758047],[-99.05676294995634,19.279500349734565],[-99.05515968021263,19.27945881980681],[-99.05449832039781,19.27936715002811],[-99.05237159957696,19.27848197980262],[-99.0505672596883,19.27750348025734],[-99.04828697029762,19.275978230414097],[-99.04510004976972,19.27486410961219],[-99.04145143004388,19.273780509861922],[-99.04043121966939,19.273253980232003],[-99.04022733986714,19.27305681963341],[-99.03858946023946,19.27213224962309],[-99.03731944909636,19.271705740304913],[-99.03646391021668,19.270976830153433],[-99.03594369039152,19.270636599579284],[-99.03464394974503,19.268745169701198],[-99.03373384917045,19.267703819698735],[-99.03302188889138,19.26711691041399],[-99.03106591959977,19.264932539767308],[-99.03053587998603,19.264168461204292],[-99.03043045028403,19.263144000666028],[-99.03028094014269,19.26294117037387],[-99.02982031963161,19.262595549816332],[-99.02930074898843,19.262374629978158],[-99.02789588888082,19.26222228026068],[-99.02720054990306,19.261837000933355],[-99.02711928864836,19.26193845085048],[-99.0268595095783,19.26176077024638],[-99.02647247911922,19.261768819673904],[-99.02603977026725,19.26194365069359],[-99.02584222902804,19.26220518085985],[-99.02075239903934,19.26095712026379],[-99.02005777944291,19.260964110547143],[-99.0198253495669,19.261029169636885],[-99.01974258009152,19.261150741322325],[-99.01651511879994,19.259955450221657],[-99.01595541883879,19.259552620283028],[-99.0134433788842,19.258373710047273],[-99.01283404929637,19.25794708083626],[-99.01177172021781,19.25666011130334],[-99.01182899960182,19.25624462959144],[-99.01169831946147,19.2560111195601],[-99.01132425988354,19.255647780922683],[-99.01128764940721,19.255729091243513],[-99.01102980012877,19.25560450979306],[-99.01069338028765,19.255341679744372],[-99.00924079969235,19.2539267703999],[-99.00704477013427,19.251605880492193],[-99.00750554990339,19.250779140330273],[-99.00768954035102,19.25102392017734],[-99.00794691979458,19.25054603133313],[-99.00826497910533,19.250728000077128],[-99.00843867868143,19.25069383115696],[-99.0086525498728,19.25076767979446],[-99.00888290915384,19.250675091182938],[-99.00950206017873,19.249380680681895],[-99.00980424925139,19.2482645499749],[-99.01051079954566,19.247072459654287],[-99.01082137937958,19.247005540684555],[-99.01107241925185,19.246722050238642],[-99.01119137923456,19.246052780938143],[-99.01229602936417,19.246513879814234],[-99.01270941945353,19.245142521052713],[-99.01247531928938,19.245014290792337],[-99.01256527891252,19.2447340311831],[-99.01391691871073,19.245111150182318],[-99.01430314980462,19.243636659580847],[-99.01493484946903,19.242459630641143],[-99.01506354984267,19.24185716983812],[-99.01548983016691,19.240856980467882],[-99.01773491971298,19.23854085963297],[-99.01820401934307,19.23767633709702],[-99.03019302996361,19.223632850212503],[-99.09096536961523,19.21101937964626],[-99.09239171952835,19.210892509881187],[-99.09318092011479,19.2109299401178],[-99.09368525030531,19.21107891971415],[-99.09429508004462,19.211524429750362],[-99.09456087980276,19.211538709870318],[-99.09483415037235,19.21136079956511],[-99.09497578008342,19.211151169776485],[-99.09509891978402,19.209590020172946],[-99.09568703016839,19.208627939638436],[-99.0959740895141,19.208554140139565],[-99.09687311003582,19.208653859714396],[-99.09826902862045,19.2082381999083],[-99.09894507971974,19.208209400687647],[-99.09926941964756,19.208105150060984],[-99.09997602017322,19.2072670497504],[-99.10012395005683,19.206245851098654],[-99.10025612009903,19.20611523055217],[-99.10088611888227,19.205824651098],[-99.10174594018947,19.204808890773034],[-99.10185431064693,19.20443042967377],[-99.10211758029709,19.201051799911514],[-99.10224693952931,19.200661971305898],[-99.10262924990643,19.200311120337766],[-99.10479968912514,19.198964221248673],[-99.10482430990868,19.198656150309382],[-99.10460885944217,19.19842581988321],[-99.10469782911181,19.198205519859464],[-99.10518183030064,19.198273080298918],[-99.10573639975472,19.197340709934544],[-99.1302443202446,19.152544169968145],[-99.13105074014258,19.152668680453765],[-99.13165814989694,19.15263450988885],[-99.1321415698386,19.15292140022466],[-99.13250884983118,19.15302635021981],[-99.13260025976368,19.153219660130446],[-99.13246784989106,19.153989650336143],[-99.132795349795,19.15488078007716],[-99.13279529043706,19.15662368956164],[-99.13289483022201,19.157727519926205],[-99.13269488972445,19.160134429747476],[-99.13239866019332,19.161283769980148],[-99.13197635016573,19.16212663005228],[-99.13165034045008,19.163185549601433],[-99.13106845032304,19.164055490197306],[-99.13064142953158,19.164900419789493],[-99.130314769747,19.165906060329334],[-99.13021752032378,19.166579429844887],[-99.1301742197479,19.168220480135073],[-99.13052083001534,19.17040211964067],[-99.13047793964971,19.170721520309],[-99.13054317973837,19.171393649616228],[-99.13046184990898,19.17185528995087],[-99.12999714952737,19.172137510272346],[-99.1299493997592,19.172360279835722],[-99.13110634969627,19.173842650074842],[-99.1313827795832,19.174037520205705],[-99.13206374008742,19.175120089600995],[-99.13224944961257,19.17621495030149],[-99.13250219994947,19.176669339751534],[-99.13229565967583,19.17746765044001],[-99.13239455015744,19.17853221977067],[-99.13224312045227,19.17875631019679],[-99.13186366005912,19.18005424985028],[-99.1314758800008,19.18062963025062],[-99.1310484501901,19.18180744988042],[-99.13080017988153,19.182102550133425],[-99.13049751991892,19.182309220075208],[-99.13033464980097,19.182552650336913],[-99.13019576972563,19.18370295005769],[-99.13010123034506,19.183933750196942],[-99.12997130961843,19.18411665041317],[-99.12968092022764,19.184223229787875],[-99.12942954032476,19.184547139879644],[-99.1289704598943,19.184651540350092],[-99.12837366045801,19.185609380396233],[-99.12748591038748,19.186407349844586],[-99.12707612019572,19.18726617985658],[-99.1271212498702,19.18756440042014],[-99.12756965955151,19.188291279803902],[-99.12816195038125,19.188810850192628],[-99.12872843014911,19.18914525036238],[-99.12934763039007,19.189811169856746],[-99.1299351403578,19.19029751016646],[-99.13000300039936,19.1907334299458],[-99.13067271988038,19.191314909993306],[-99.13059827975282,19.19229172035147],[-99.13064154968689,19.19269557955671],[-99.1307750003537,19.192940309811636],[-99.13061614029024,19.193164850423013],[-99.13047200029925,19.193662659983556],[-99.13049114994818,19.194012540068286],[-99.13007826046689,19.194513739728],[-99.1301233801013,19.194680230255894],[-99.12994356999153,19.195357080398104],[-99.1304506596701,19.19620548024916],[-99.13022322045224,19.196611420383977],[-99.12950591952115,19.197271000305086],[-99.12954108963281,19.197655290159563],[-99.12930894033455,19.1979375509116],[-99.12926961953873,19.19812687971607],[-99.12948031997213,19.198262339818175],[-99.1295098300246,19.198407660475915],[-99.12909287994316,19.19944118062484],[-99.12908949010188,19.199671460740923],[-99.12932067929134,19.199836250592956],[-99.12936018027978,19.200158379901286],[-99.1295400295931,19.20038211073587],[-99.12953902908859,19.201072089997133],[-99.12931314986676,19.203003120976927],[-99.12991745909517,19.203045551049012],[-99.13030239863427,19.20317555035515],[-99.13008333975239,19.203846320003777],[-99.13076565967124,19.20407774035221],[-99.1309241702658,19.204204600742937],[-99.13120688882275,19.20456548119209],[-99.1312136888772,19.204800111061218],[-99.13148511867043,19.205428199820034],[-99.13243119898178,19.206479051312172],[-99.1325223988411,19.207009169739166],[-99.13232025004295,19.207700090971557],[-99.13241976879736,19.20800020081598],[-99.13277014966476,19.20833482039565],[-99.1327730004322,19.209439059571068],[-99.13291568979352,19.209752370504578],[-99.13282147998301,19.209979341125198],[-99.13301433898197,19.21009502063929],[-99.13831586033338,19.215728249687352],[-99.14954365038372,19.21922407998206],[-99.15439486002079,19.2206392798359],[-99.15351936885655,19.221806250659817],[-99.15342425009891,19.221409859622742],[-99.15293442003784,19.22058087958456],[-99.15276705005365,19.220462109646512],[-99.15248051995442,19.22053383016922],[-99.15206379983474,19.22129586000306],[-99.15202288043155,19.222039460339754],[-99.15161989041401,19.223352620405716],[-99.15151177003588,19.223440229780216],[-99.15140832025736,19.223230419926622],[-99.15131472043204,19.223207939580977],[-99.15115021957845,19.22340797031123],[-99.15120223040164,19.223717000161418],[-99.1510743797137,19.224151080053836],[-99.15119047954713,19.22440551990287],[-99.15149554977828,19.224596779818587],[-99.15236632003496,19.224684620178984],[-99.15273733993783,19.22483770999615],[-99.15312336952177,19.225342430874154],[-99.15337848958794,19.225981829769555],[-99.15298425893411,19.226649910546403],[-99.15237527982305,19.22927666063889],[-99.1518603103088,19.230068319620873],[-99.15174007924713,19.230809750964895],[-99.15162491982421,19.231076519957618],[-99.15090136886117,19.23198398002968],[-99.15081665928162,19.232310139732828],[-99.15060363030996,19.232560659927156],[-99.15060161891672,19.233083170189854],[-99.15047679963511,19.233413829628734],[-99.15073708007546,19.234205970031592],[-99.15068317000664,19.23468885982103],[-99.15049213954242,19.23467112010861],[-99.15038693979223,19.234233549643996],[-99.14978146046018,19.234160980561775],[-99.14946505999109,19.234031880169713],[-99.14930665924969,19.2342684601188],[-99.14953633927456,19.234487711410434],[-99.14954156990427,19.234681149709544],[-99.14920205042552,19.23488780090534],[-99.14894108926339,19.235192659628357],[-99.14883817869126,19.23552288075748],[-99.14870709032557,19.235664980241438],[-99.14838985944186,19.235775340620588],[-99.1482341196386,19.236308460224823],[-99.14801609006888,19.236194779968034],[-99.14795571007767,19.23606745011193],[-99.14838809013195,19.235337919667042],[-99.14840247911233,19.234977649683678],[-99.14787674044847,19.23455724992422],[-99.14633094977107,19.23420126013999],[-99.14600055028045,19.234217649638115],[-99.1453982300981,19.234456201135416],[-99.14491977987629,19.23434074053468],[-99.14478217006715,19.23448002055587],[-99.14445253907091,19.23452486005375],[-99.1475198303062,19.24025922019269],[-99.14713674961448,19.24042053955238],[-99.14668319922623,19.240336780499124],[-99.14630801997411,19.239880120301034],[-99.14612032018775,19.23932897992172],[-99.14560476941378,19.23932508001067],[-99.14401148900214,19.239684489538078],[-99.14394430979686,19.24018975027494],[-99.14409573974405,19.24255724995076],[-99.1442513988615,19.243660740229416],[-99.14419182887747,19.244579800847557],[-99.14425539876986,19.244740260809813],[-99.1436657792946,19.244618630261947],[-99.1423314590809,19.244159030928355],[-99.14223621954558,19.2438693395432],[-99.14200542910311,19.2436443396804],[-99.14165612034503,19.24358122016342],[-99.14170879986526,19.243679831070324],[-99.14162146045908,19.243754650712532],[-99.14109573949288,19.24359242999174],[-99.14038409042517,19.243594720705268],[-99.13892150883451,19.24596633957137],[-99.13939587964344,19.246361319848898],[-99.1399889997023,19.24734935025858],[-99.14022883024532,19.2475814498996],[-99.14036375034067,19.247981340032563],[-99.1415631803301,19.2486909101402],[-99.14172563001638,19.248995200448714],[-99.1416910897085,19.2497510900745],[-99.1412546495357,19.25064766028211],[-99.14095155046755,19.250947400445742],[-99.1407989698735,19.250977119959522],[-99.1406897504567,19.251221250440036],[-99.1404839503385,19.251285050358586],[-99.14052074965956,19.251377450114564],[-99.14042167988174,19.251626460407113],[-99.14033513986543,19.251788279663984],[-99.14015616966785,19.251901030411872],[-99.14018968017452,19.252593450232688],[-99.13987785968882,19.253245800130884],[-99.13969238016725,19.253359420242756],[-99.13939466029781,19.25469327972203],[-99.13958694001023,19.255459219856288],[-99.14000901968738,19.256231980349444],[-99.14053637975238,19.25652568008674],[-99.14080080012837,19.25699968966569],[-99.14025029006827,19.257475569695348],[-99.14017288971168,19.257862420099585],[-99.14045423018419,19.25828854994401],[-99.14094429016342,19.25877195035559],[-99.14178885041287,19.259295460289316],[-99.14202231043497,19.259784680233906],[-99.14221039994113,19.25990651994225],[-99.14236667958386,19.26023446027862],[-99.14243433966402,19.26095633995722],[-99.14211018008403,19.261846969999866],[-99.14231655032225,19.263229950318948],[-99.14242365030222,19.26343654986092],[-99.14237405957701,19.264160259549747],[-99.14249891963009,19.26437695042359],[-99.14240313988742,19.2666248904414],[-99.14248750979024,19.266692630012432],[-99.14333103042993,19.26652198037748],[-99.14322336891053,19.267232220789378],[-99.14492142981241,19.267446830379367],[-99.14473057013768,19.26812994965415],[-99.14394619945126,19.269540539867073],[-99.14336773971925,19.269470510858007],[-99.14299976914229,19.27024525019277],[-99.14279607881053,19.270503660662346],[-99.14251785037526,19.270677570967568],[-99.1421392787302,19.270692950414453],[-99.14118813928211,19.273534550866884],[-99.14113867861042,19.273730089805206],[-99.14208791886631,19.27394463086185],[-99.14177252015631,19.27568694008943],[-99.14173044952454,19.27661698011645],[-99.14155785023159,19.277543969716344],[-99.14146013921167,19.279155080420423],[-99.14105595018236,19.282528600604614],[-99.13926742900006,19.282265449609753],[-99.13788542968382,19.282206459844062],[-99.13647242980434,19.28227629040958],[-99.13510704996222,19.282461449848217],[-99.13401339964929,19.282700940164872],[-99.12492521991642,19.285241179929436],[-99.12391017970778,19.285569120365157],[-99.10813711031412,19.29228113991373],[-99.10502204994349,19.293517140347046],[-99.10136373979618,19.295200060400777],[-99.10032996871045,19.306466720227206],[-99.09929451977416,19.320449540141112],[-99.0988006601816,19.320448150444378],[-99.09869649023939,19.319641420201897]]]}},{"type":"Feature","properties":{"nombre":"Coyoacán","n":1186,"price_median":1223.5,"price_mean":2062.64},"geometry":{"type":"Polygon","coordinates":[[[-99.17169128997892,19.35955937978617],[-99.17055735003143,19.358888421450217],[-99.169781761546,19.35865989594745],[-99.16919962023715,19.358597059874903],[-99.15146562041463,19.35760229008302],[-99.14438185986259,19.35729614959176],[-99.13427050902418,19.35654069034045],[-99.13348816969844,19.356588090148158],[-99.13291485980889,19.356801030010658],[-99.13236926018237,19.357119830403263],[-99.13191325039801,19.357520019770977],[-99.1311779104354,19.358660860346266],[-99.12197972741663,19.357661807428208],[-99.12145358008048,19.353920059702155],[-99.1207773695278,19.351841480074917],[-99.12024205988303,19.350561259786925],[-99.11806117957747,19.34735143000056],[-99.11640453925006,19.344394049898135],[-99.11557153981327,19.343264120191797],[-99.11447548868777,19.340790490486565],[-99.11390744858892,19.33733617076247],[-99.11376391907419,19.336924020092955],[-99.11293457866459,19.335368490976897],[-99.11193054953081,19.33396334052418],[-99.1112692796258,19.333424880426655],[-99.11053825045254,19.333047551072692],[-99.11016754910449,19.33269646045128],[-99.10972110976003,19.331466660880274],[-99.10792921965715,19.328726341281918],[-99.10572932030533,19.326300340300136],[-99.1041861798562,19.32481051003936],[-99.10239971020094,19.32383896969655],[-99.10084271032234,19.32283934010111],[-99.0999538804693,19.321919630109395],[-99.09920702980513,19.320917020344556],[-99.09907625969403,19.320441489639663],[-99.09929451977416,19.320449540141112],[-99.10032996871045,19.306466720227206],[-99.1009292223955,19.30002041315258],[-99.10920742044965,19.299618259694252],[-99.1168077801408,19.30142024979788],[-99.11984953927032,19.30225897968102],[-99.12297413981682,19.303286951048065],[-99.13472471869677,19.308293980143812],[-99.13557603014156,19.307217060020825],[-99.1426162288417,19.299606350357095],[-99.14524521968457,19.30062128020781],[-99.14659002011385,19.30092582996452],[-99.14712798041415,19.300964080112667],[-99.14741007955998,19.301286420378453],[-99.14785668018925,19.300829170216613],[-99.1487865998502,19.30009265003498],[-99.15162094981854,19.29800641983442],[-99.15383418018293,19.297433629639194],[-99.15666453989176,19.296836830442317],[-99.15841827986057,19.299132910398342],[-99.15904611034208,19.299747320285793],[-99.15997322003223,19.300415660159047],[-99.160773480477,19.300828049666684],[-99.1622628903292,19.30127741968886],[-99.17711555030517,19.303313490419537],[-99.17928753968947,19.303440350150847],[-99.18234903005524,19.30327954018135],[-99.19345113980013,19.302048419836513],[-99.19505297597802,19.302052971387635],[-99.19628608036058,19.302278170413203],[-99.19715768986717,19.30255922039922],[-99.19810925015669,19.302999750022234],[-99.20018447983733,19.304173539549694],[-99.20127118028071,19.304639090041622],[-99.20320315020716,19.305217250046372],[-99.20575217037971,19.30568188036721],[-99.20555338429578,19.306723379880317],[-99.20544674017523,19.306476749963707],[-99.20523873976705,19.30630140017595],[-99.20024711918755,19.311160030797765],[-99.20047567974527,19.311406090477167],[-99.20118420392146,19.311457860688154],[-99.20118464901302,19.311953549891744],[-99.19659914034801,19.3192272506528],[-99.1949335702514,19.322030000722876],[-99.19470417921346,19.330233490017637],[-99.19626552007135,19.33268442032602],[-99.19639097953684,19.333241660045726],[-99.19629468988666,19.333631291171006],[-99.19693398046162,19.33372076976486],[-99.19992434972515,19.333226540669138],[-99.19982091877931,19.33350537995644],[-99.19870965872974,19.334963050255332],[-99.19805679882359,19.335484150808355],[-99.19428482047118,19.336391629579932],[-99.19172492031949,19.336873620109532],[-99.19123578556768,19.336877240747686],[-99.19060473984631,19.337722850891343],[-99.19024879872023,19.337979650513347],[-99.1903213086946,19.33867723127375],[-99.19004577897263,19.338586580935427],[-99.18916107940821,19.33972278122643],[-99.1882243087989,19.34040438037444],[-99.18766099914757,19.341015309666343],[-99.18680857027792,19.341278181036223],[-99.18668500014931,19.34139837980165],[-99.18650511869691,19.341932911095476],[-99.1847752189429,19.34343810982409],[-99.18450151880388,19.343587480070816],[-99.18403834977555,19.343647980629033],[-99.183410800293,19.344775420311986],[-99.18308442018174,19.346121769912973],[-99.1828748788559,19.34658431044298],[-99.18249764856775,19.34664418016258],[-99.18179216980681,19.34734537991989],[-99.18082265982886,19.347062120182326],[-99.18073126009462,19.34719912003667],[-99.18055474039728,19.34723578027008],[-99.18012727961242,19.349268050007662],[-99.17993152011904,19.349642879582607],[-99.17766194957788,19.351744290104605],[-99.17722597995733,19.352444090065116],[-99.1754274504732,19.353984969958038],[-99.17494158041946,19.354636429603747],[-99.17299350989778,19.356751400223615],[-99.1727275503975,19.35718166031443],[-99.17169128997892,19.35955937978617]]]}},{"type":"Feature","properties":{"nombre":"La Magdalena Contreras","n":66,"price_median":911.5,"price_mean":1257.73},"geometry":{"type":"Polygon","coordinates":[[[-99.2083877792164,19.337851309845163],[-99.20751512034448,19.337811121240772],[-99.20867401890638,19.33597648980963],[-99.20710601920216,19.336544019975527],[-99.20665877968318,19.33621838068187],[-99.20820506040499,19.334851460015997],[-99.2093693696231,19.33327827974531],[-99.21211021875456,19.32782808068139],[-99.21268765966707,19.326922941110297],[-99.21360913892114,19.32591802957495],[-99.21434951903893,19.325321400399442],[-99.22046997057687,19.321081140904816],[-99.22090099897224,19.3206476002788],[-99.22123227989539,19.320095600555025],[-99.22146710946286,19.31930065026726],[-99.22142439887115,19.318319739732253],[-99.22051735032387,19.313716541226324],[-99.21992542977476,19.31226363036417],[-99.22047179929248,19.311322680119726],[-99.22066057963065,19.311147121017004],[-99.22097139906572,19.311078619608825],[-99.22392893864176,19.310896570759855],[-99.22493341907337,19.310597781274623],[-99.22517073985094,19.30995725017961],[-99.22761342959986,19.30806147993826],[-99.22774658044554,19.307783079748923],[-99.2275922204039,19.307192290286117],[-99.22774702998471,19.306963220085038],[-99.22866705012811,19.306548779586393],[-99.22936221988387,19.306478889704795],[-99.23016499990324,19.305864050853256],[-99.23119706016193,19.305449139694726],[-99.2319045992726,19.30504232108323],[-99.23204221856092,19.30388103129292],[-99.23224831034662,19.30378877982805],[-99.23233737027401,19.302982740850858],[-99.23254747981154,19.303000449712375],[-99.23264607915989,19.3024815195934],[-99.23297390970164,19.301810119971393],[-99.23222881896895,19.301468510698424],[-99.2329380186128,19.300923170576855],[-99.233263519196,19.300786569561705],[-99.23339710970535,19.300816230592915],[-99.23337105923513,19.3000778306473],[-99.23306497957954,19.300098080229237],[-99.23271008934381,19.299889480097857],[-99.23284786035498,19.299583520607207],[-99.23272285006031,19.29852740097963],[-99.23248291017258,19.297876541115137],[-99.2326311390986,19.29749955042083],[-99.23330119944865,19.296595179586063],[-99.23399002869735,19.29616418026298],[-99.23445003028789,19.295690419940723],[-99.23476448916382,19.295593030835036],[-99.23490395007045,19.29539212085054],[-99.2354738604247,19.294995770511235],[-99.23580426021331,19.29514307995923],[-99.2360970788467,19.295108111255185],[-99.23614323032163,19.294899710326963],[-99.23586968912807,19.294625310648765],[-99.23596852023233,19.29445636967692],[-99.23672117911906,19.294399819594428],[-99.23721692000005,19.294258720871415],[-99.23869364902188,19.294699050211538],[-99.23938224864386,19.294491711011446],[-99.24037377029602,19.294050549563103],[-99.24068085928309,19.294200120358624],[-99.24138461969152,19.294018490699717],[-99.24147851044103,19.2939317712019],[-99.24154184954624,19.293661510909455],[-99.24192148971031,19.293144149599776],[-99.2415495804224,19.292863340079172],[-99.24225214866244,19.292904219535885],[-99.24266464941215,19.29227280027588],[-99.24299670892431,19.291437319587672],[-99.24276159964995,19.28936005960247],[-99.24271608989417,19.289275370237384],[-99.24237408918894,19.289234510087315],[-99.24179148918643,19.28881987964038],[-99.24107577928476,19.28807254983783],[-99.24101412036845,19.287989659779814],[-99.24102077883413,19.287559510378358],[-99.24082774953345,19.287309350362143],[-99.24080638034044,19.286992421048378],[-99.24094274988947,19.28682114004255],[-99.24151481991798,19.286449290322103],[-99.24193510893687,19.285464980072845],[-99.24265634988679,19.284339280320417],[-99.24285156957347,19.284284619797948],[-99.24296761985333,19.284139449719728],[-99.24285390958194,19.283766950348554],[-99.24233357013254,19.28335007962656],[-99.24201571984968,19.283269679570175],[-99.24195697005204,19.28300856978614],[-99.24214883028111,19.28282313970586],[-99.24354618156787,19.282190869905456],[-99.24364365176693,19.28195098026849],[-99.24331748009547,19.281438910280382],[-99.24336131829159,19.281076910630084],[-99.24417521900048,19.280331490874488],[-99.24491292031563,19.2801373103424],[-99.2447981993223,19.279126849603756],[-99.24525902971128,19.277590489716236],[-99.24536778034751,19.276963949734323],[-99.2452801801382,19.276616319726813],[-99.24488742014742,19.276209420405035],[-99.24476253973182,19.27632442029429],[-99.24445638023332,19.276214200106903],[-99.24397802029313,19.275881709572285],[-99.24382722033506,19.27594391955345],[-99.24345877005976,19.275649200165258],[-99.24362633960492,19.27491597956186],[-99.2446132195239,19.272902320152692],[-99.24430403016662,19.272455180367658],[-99.24408227889049,19.272333583057023],[-99.24382654018407,19.271788680911516],[-99.24346782955014,19.269789879642303],[-99.24374328986264,19.269351170035275],[-99.2448739803038,19.268656570374773],[-99.24527130963031,19.268185829670358],[-99.2459948200614,19.267528800104294],[-99.24607385989819,19.267174170319674],[-99.24596828895787,19.266840289843433],[-99.24597452024912,19.266373319666503],[-99.24637613979799,19.265824540036675],[-99.2469968602145,19.265595479652855],[-99.24709045986204,19.264749059697213],[-99.24699516974361,19.26449653985115],[-99.24563284998305,19.2633739799572],[-99.24552835027033,19.262933140360843],[-99.24565410987557,19.261719689898012],[-99.24594006042533,19.261200139587665],[-99.2462981795169,19.26074911042895],[-99.2468410600096,19.260537149700863],[-99.24723653984262,19.260277319643812],[-99.2468170295836,19.259721310260165],[-99.24597428034885,19.259039969974264],[-99.2457363203253,19.258941400457942],[-99.2450940601312,19.258946089641675],[-99.24432844953623,19.259416279841368],[-99.24405767955471,19.259461320162835],[-99.243888250194,19.259200679662005],[-99.24389486029777,19.258862170121603],[-99.24445263004885,19.25816446011224],[-99.24528468036803,19.257517520174773],[-99.2453858302886,19.25734211015595],[-99.24539255036834,19.257174750416134],[-99.2452353804231,19.25680763038022],[-99.24481557970063,19.25635754003503],[-99.24503403027823,19.255960829992656],[-99.24524666040878,19.255252520371204],[-99.24480220025954,19.254390999847956],[-99.24458508029821,19.25273262992128],[-99.24478602964905,19.252446550225507],[-99.24476551036118,19.252326650287735],[-99.2452169702286,19.251296079897198],[-99.2451997503111,19.25046941968648],[-99.24528588970573,19.250272379642592],[-99.24594010976901,19.24965873965808],[-99.24656898012196,19.24943397028316],[-99.24683238047095,19.249174259726463],[-99.24738605989569,19.248852940369915],[-99.24758686005761,19.24830517983424],[-99.24765011977135,19.2478562801864],[-99.24760766020317,19.247467599606924],[-99.24800768964336,19.246733749965543],[-99.24860931999164,19.24684249028233],[-99.24890071017177,19.246739080109894],[-99.24959622961086,19.246331480300558],[-99.24964994973847,19.245940819559685],[-99.24982597029198,19.245741630215218],[-99.25035096997837,19.245693279973846],[-99.25047767967233,19.24520904960239],[-99.25020162995645,19.244913579841853],[-99.25014643005306,19.244688549677274],[-99.25100959968312,19.2437743801135],[-99.25176854004012,19.242433169798275],[-99.25180127969703,19.242025079618244],[-99.25159892041039,19.24167204988542],[-99.25118273979092,19.241267339595467],[-99.25104191986621,19.240913879663992],[-99.25099360018568,19.24045590989902],[-99.25147235003868,19.240072139840375],[-99.25178516982017,19.239497919884673],[-99.25201828009821,19.238632029772603],[-99.25286882962251,19.23759014955834],[-99.25266193984233,19.236645579712352],[-99.25267565009987,19.236094280435125],[-99.25290911001474,19.235467429553317],[-99.25312935004717,19.235100280355805],[-99.25343251996857,19.23481162005804],[-99.25398436974065,19.23444205962664],[-99.2543777996225,19.23406745024651],[-99.25513649008103,19.233705310377385],[-99.25564908043977,19.23322169040157],[-99.25609705031711,19.232539939834616],[-99.25695262033098,19.232544880310318],[-99.25727102977932,19.23247063025341],[-99.25763857028741,19.2317938298556],[-99.25889681999814,19.230511630000713],[-99.25997258037042,19.22986060027111],[-99.26093103005694,19.229413030117943],[-99.26244935011583,19.22912610983476],[-99.26333141984678,19.228637459762016],[-99.26377252029654,19.228493850448146],[-99.26508347957197,19.227430779855755],[-99.26513710978648,19.22721934970034],[-99.26525836956705,19.227116690420292],[-99.26556866033266,19.227097030144378],[-99.26650391980967,19.226794109872554],[-99.26823774952625,19.22558881986993],[-99.26859279971113,19.225110180304153],[-99.26948692028924,19.2244887100207],[-99.27053291989893,19.224291919808977],[-99.27067822971293,19.224203019924065],[-99.27092361973351,19.223703340080082],[-99.27174780028564,19.223147049820767],[-99.2722535998411,19.222660420204257],[-99.2725541800411,19.222138510038356],[-99.27298927999135,19.22181171984114],[-99.27355168961941,19.221573119584548],[-99.27415659996987,19.221038890259543],[-99.27417331006018,19.22070163017559],[-99.2739834902095,19.21952789043845],[-99.27420672029534,19.218152399727355],[-99.27436474041441,19.2180855201449],[-99.27461599988148,19.21751827985963],[-99.27587765990687,19.216579629593735],[-99.27624171954214,19.216423080151323],[-99.27641202959063,19.21570695000591],[-99.27655506045836,19.215633979960383],[-99.2773405796671,19.21471600023355],[-99.27798205003951,19.214477710450492],[-99.27820972042736,19.214278650031535],[-99.27881490962817,19.214075520182064],[-99.2793721498825,19.21398877034083],[-99.28032080025963,19.21364955022964],[-99.28076012023094,19.213630940388242],[-99.28104609022587,19.213724690166636],[-99.2818898300031,19.213395740294114],[-99.28239358035273,19.213081459618767],[-99.28310022970594,19.213055629992677],[-99.28340095008389,19.213210450392808],[-99.28370905997508,19.213539510246697],[-99.28463709035857,19.213689690148232],[-99.28539376980413,19.213286029730742],[-99.28628233999592,19.213335289752834],[-99.28681722038374,19.21320227990168],[-99.28782356985867,19.213122259653872],[-99.28804825970509,19.213176980379743],[-99.28873482976284,19.213716569790062],[-99.28905672036133,19.213818050250026],[-99.2894295399817,19.213730950057002],[-99.29143794029288,19.214598279725315],[-99.29239357972331,19.213825820027832],[-99.2927542897093,19.21377374018418],[-99.29315135016674,19.213906659928888],[-99.29430812018755,19.215025569899304],[-99.29494498045567,19.215337090345393],[-99.29548777994209,19.21629762015937],[-99.29642588018243,19.217527829605842],[-99.29670582033077,19.217763350292774],[-99.29735845992947,19.21791836960807],[-99.29779922981928,19.21812185964493],[-99.29814437037643,19.218081420026802],[-99.29922481976416,19.21770957967666],[-99.30026690990141,19.217742399869998],[-99.30097454988261,19.21819859982355],[-99.30142788029227,19.218220780044916],[-99.30245612035608,19.218968739734144],[-99.30309336963334,19.219588429904668],[-99.30343636960097,19.220091079605947],[-99.30570443001231,19.222236180191693],[-99.30604790973744,19.222364119679913],[-99.30649162039265,19.22240968028784],[-99.3077907203683,19.223195280421063],[-99.30805543028853,19.223432380264825],[-99.30862545020152,19.223609650107324],[-99.30962469012864,19.224748820320087],[-99.30999125014306,19.224798049988202],[-99.3104966003913,19.225213350390394],[-99.31083356989912,19.22516970971689],[-99.31128281992002,19.225633320247667],[-99.31171748032425,19.225871220405587],[-99.31227605020307,19.226020110322274],[-99.31265551028615,19.22595759992986],[-99.31297365992899,19.225804539830587],[-99.31401111043961,19.226476309750986],[-99.315056550109,19.226897819895726],[-99.31555553975952,19.227395350346768],[-99.31534334999088,19.229196490310333],[-99.32129650960441,19.232665479971956],[-99.3222548497588,19.23264782959774],[-99.32263244982306,19.234081089609628],[-99.32276637995353,19.2353055796777],[-99.3227366195922,19.235653459978646],[-99.32299538000805,19.235908460298223],[-99.32272982954241,19.23751142973595],[-99.32285444967151,19.237762740191826],[-99.32287129042494,19.23801911000796],[-99.32319410971452,19.238253030389902],[-99.3233014900924,19.238453280064306],[-99.32316434038937,19.239231220043212],[-99.32266914962278,19.24030654040512],[-99.32005876996395,19.243143379632837],[-99.31953434983744,19.243397320267594],[-99.3192601796371,19.243443570193694],[-99.31872207980459,19.243209849558514],[-99.3183908601167,19.243478399604385],[-99.31827739963961,19.243728579889265],[-99.31763653986468,19.244492049871187],[-99.31750659962916,19.24529839989049],[-99.31779457975192,19.245670059715607],[-99.31772238005097,19.2459226601867],[-99.31756411985434,19.246083119752882],[-99.31771402971337,19.246403830130554],[-99.31784797962587,19.24712340002628],[-99.31776525034381,19.247362580313936],[-99.3175230503037,19.247610320152983],[-99.31728876995346,19.248052720020553],[-99.31713554963768,19.24855426005157],[-99.31699582962264,19.249146740344603],[-99.31707406042194,19.250307879556036],[-99.31681753981624,19.25072497962128],[-99.31677031021003,19.25077900012243],[-99.31662948039947,19.25073782017274],[-99.31644257953727,19.251032350346442],[-99.3163253398454,19.251032799703548],[-99.3161787701755,19.25085114018157],[-99.31599640007924,19.250841739604102],[-99.3159168201892,19.25091574963397],[-99.31590867996526,19.251649480134013],[-99.31608199968002,19.25201494997289],[-99.31585594042889,19.252449650451116],[-99.31594808035128,19.252626289692955],[-99.31593505991086,19.252804000402186],[-99.31550611982004,19.253306599796247],[-99.31526017034363,19.253955999795828],[-99.31519214988458,19.25435902040858],[-99.31476956965228,19.254978660050337],[-99.31478143037342,19.255217800042644],[-99.31547043007826,19.25599250971291],[-99.31536288002063,19.256358919805894],[-99.31477205011095,19.256513229990276],[-99.31459485975611,19.256736119733038],[-99.31439264975826,19.25681347959886],[-99.31407390973536,19.25681092037452],[-99.3137620803529,19.256657449986204],[-99.31280034986385,19.25670240027404],[-99.31226662955008,19.25708461983099],[-99.31120930951671,19.25707558033735],[-99.31020317047259,19.257274649992983],[-99.30877404986627,19.258097629686326],[-99.3068962000278,19.257776400355443],[-99.30623568997297,19.25774492027723],[-99.30529997023959,19.257942719715302],[-99.30388867975955,19.258383619559766],[-99.30350567993838,19.258667150182426],[-99.3030255104082,19.258667510326816],[-99.30237034978208,19.25892820019454],[-99.30216166020001,19.259355580141122],[-99.3019112302897,19.259512570363096],[-99.30147754963554,19.26050288999138],[-99.30087649042056,19.261044460138642],[-99.300566630262,19.261096580222823],[-99.30023412044756,19.260937579780148],[-99.29977494027345,19.26088605005801],[-99.29894924980289,19.26122011965649],[-99.29798354037167,19.261453749704025],[-99.29775589040476,19.261882200115075],[-99.29728891988584,19.262287660087537],[-99.29696551977095,19.262711919866693],[-99.29680873999355,19.263112149850627],[-99.29510428031479,19.263802020038842],[-99.29423671981499,19.26459544974045],[-99.29418820035794,19.26489110971679],[-99.29398706028041,19.265278779603076],[-99.29405622955099,19.26556463034846],[-99.29401545042455,19.266022710032743],[-99.2935198295881,19.26688177970535],[-99.29274277047519,19.26763822969927],[-99.2925787999713,19.268308399875558],[-99.2909210803953,19.269202030208543],[-99.2899561797147,19.27007829043328],[-99.28963082993187,19.27028612043523],[-99.289329489807,19.270350970295762],[-99.28826393964721,19.270171309808173],[-99.28752840041528,19.270171480198293],[-99.28618959963535,19.27068068030928],[-99.28543791982614,19.27182597978189],[-99.28524695042199,19.27310772017848],[-99.28494245979807,19.27327494005197],[-99.28404934023241,19.274591949844837],[-99.28333111968838,19.275097020084026],[-99.28317845010811,19.27573625965872],[-99.28331000043416,19.275997249757246],[-99.2837494295865,19.27622634969809],[-99.28396543028448,19.276961339696758],[-99.28347518011503,19.277275050029232],[-99.28304252036592,19.27776868998182],[-99.28230149007432,19.279032999834886],[-99.28150905955864,19.27949067994422],[-99.2811398197713,19.280619799909736],[-99.28080837988074,19.280757540129727],[-99.28021674035108,19.280821079633515],[-99.27963785016011,19.28115479956434],[-99.27920016965226,19.281670379641536],[-99.27902028973,19.28171568042624],[-99.2786570896292,19.28162171980157],[-99.27846554000713,19.28146912029176],[-99.27822399957878,19.281414030254005],[-99.2780028801688,19.281552509735683],[-99.27792942953296,19.281702709975622],[-99.2778881497855,19.282593260160755],[-99.27332029042752,19.285189229649884],[-99.2761689503033,19.289097909679878],[-99.27473440030577,19.29132864988481],[-99.27316331994984,19.29314934034375],[-99.27246124964545,19.294211080178084],[-99.27249809012433,19.294657999555497],[-99.27232677006951,19.295334580031035],[-99.27210742973993,19.295505660362558],[-99.27185404994088,19.296112680406768],[-99.27148617996994,19.297996710391512],[-99.2716638201019,19.298341740427087],[-99.27147259962258,19.299174999559284],[-99.27055342966455,19.299679800220773],[-99.26973664988321,19.30117628095521],[-99.2703803402188,19.301411489728885],[-99.27048591971453,19.30157328109491],[-99.27128211952547,19.30206826019414],[-99.27150407972118,19.302309119778275],[-99.2722170002761,19.30245818033071],[-99.2714130303669,19.303081380161267],[-99.27042173967087,19.30412558107434],[-99.26904527979805,19.304741601093173],[-99.26843025026324,19.305115620180775],[-99.26870047929154,19.30533133973274],[-99.27000769010093,19.30576882994961],[-99.2704459486065,19.306514250625508],[-99.2708860302003,19.30678914002531],[-99.27110060023719,19.307022351312437],[-99.27120364880456,19.307218880477425],[-99.27134165914858,19.308256920527096],[-99.27083905004747,19.308862911301624],[-99.27114547882641,19.30904945965935],[-99.27005530879133,19.31152385033581],[-99.27033959972299,19.31180075066366],[-99.27051028953781,19.311544650613037],[-99.27054465968962,19.311936679831387],[-99.27013830971381,19.31241798024361],[-99.26953391951527,19.313558250273417],[-99.26898511890367,19.313729569879296],[-99.26843817034462,19.314010000702797],[-99.26764724776251,19.314202418672817],[-99.26769428920859,19.31402908097264],[-99.26752308951365,19.313801281189743],[-99.26678013909988,19.313522289782348],[-99.26590065661615,19.313437453981674],[-99.26543396986743,19.314190261283503],[-99.26497403011194,19.314791570099185],[-99.26465193999873,19.315022801256475],[-99.26451454963237,19.315310540472296],[-99.26317054934577,19.3163060303373],[-99.26244047864873,19.317166180716193],[-99.26176884877549,19.31768945034796],[-99.26160353926507,19.31828191093161],[-99.26103848908824,19.319557450227364],[-99.26057387990967,19.32014893973411],[-99.26037450884975,19.320566119988094],[-99.25904251031383,19.321815231029124],[-99.25842168027935,19.322275089640282],[-99.25807508927053,19.322385510503207],[-99.25762002002932,19.32276254997691],[-99.25653174018656,19.324343049725996],[-99.25625861965813,19.325220850387677],[-99.25591524997732,19.32572551030769],[-99.25581937044758,19.325722629630356],[-99.25517571990902,19.326559310289017],[-99.25468964954969,19.32676026004379],[-99.25398953954233,19.326951689985925],[-99.25335265025225,19.32686511128582],[-99.25310131864505,19.326986020751523],[-99.25225225865724,19.327087860325065],[-99.2499586290931,19.327029231241994],[-99.24935265975955,19.327213149858483],[-99.2483502786146,19.327795579886455],[-99.24638628991153,19.328079139806437],[-99.24552310917569,19.32811000016535],[-99.24529365004422,19.328175250840683],[-99.24502810863325,19.32843418071927],[-99.2442294492795,19.32855968974762],[-99.24383128964193,19.328451719551808],[-99.2435361200922,19.328464551222336],[-99.24277207904147,19.327999230395932],[-99.2410755700803,19.325170490113656],[-99.24032374038977,19.32442199969999],[-99.2397613700595,19.324505620359332],[-99.2393172891464,19.324675781044938],[-99.23883174993185,19.32446658065671],[-99.23731292029346,19.32470027963281],[-99.23645361931769,19.325171880932004],[-99.23637156972566,19.325457741194455],[-99.23601367916964,19.325898850819566],[-99.23408350898038,19.32680798096259],[-99.23348853931914,19.327227510896556],[-99.23213174014462,19.328494850022906],[-99.2318775090854,19.32902817022078],[-99.23152691015748,19.3292884604791],[-99.23120145859617,19.329835180413124],[-99.23009719907306,19.33031610956698],[-99.22968290958936,19.330365200150162],[-99.22928985885748,19.33051501965649],[-99.22715707899488,19.331603799612896],[-99.2262709800869,19.331562879720654],[-99.22420485964898,19.332358080764063],[-99.2241151697932,19.332497289631917],[-99.22421569039817,19.332748980294994],[-99.22240281983359,19.333537030686703],[-99.22132707942104,19.3338221810538],[-99.21913877916572,19.333978910089016],[-99.2185629091747,19.334391141140358],[-99.21782953890052,19.3346117403988],[-99.21713841958423,19.33469174967041],[-99.21683783036055,19.33508703132464],[-99.21658601862431,19.335227540606994],[-99.21601618032929,19.335271580866433],[-99.21556008011473,19.335521571040896],[-99.21541813886336,19.33567523023988],[-99.21531131934826,19.336109800577017],[-99.21486357915335,19.336387750736698],[-99.21356757001456,19.336555051254656],[-99.21234039872064,19.336190480979308],[-99.21198356996878,19.336284079712385],[-99.21148241981588,19.336197680629738],[-99.21122665921699,19.33625334074184],[-99.21002038013806,19.336911169900176],[-99.20946428031752,19.33734088025173],[-99.2083877792164,19.337851309845163]]]}},{"type":"Feature","properties":{"nombre":"Milpa Alta","n":25,"price_median":800.0,"price_mean":1202.48},"geometry":{"type":"Polygon","coordinates":[[[-98.99886393861541,19.227704740247095],[-98.99814737913306,19.22753190980342],[-98.99717701954337,19.227472570027732],[-98.99723373890313,19.227310689761914],[-98.99744704877682,19.22718446016495],[-98.99746360003269,19.226488460055528],[-98.99668105989066,19.226326380064663],[-98.99642859981503,19.226190401267974],[-98.99618060012185,19.225888770117837],[-98.99637625945519,19.22521143050693],[-98.99579087907703,19.225038490122973],[-98.99544217936847,19.226242350969745],[-98.99526390864219,19.22751492015552],[-98.99420421982336,19.227426030772225],[-98.99372542018749,19.22747045963676],[-98.99356207827846,19.226930031175204],[-98.99326278040178,19.224944849985462],[-98.99123725999914,19.224789770160772],[-98.99107357893897,19.225594680386767],[-98.99055867894103,19.225778350135165],[-98.9857190288017,19.221434661131678],[-98.97815003036935,19.215068310141422],[-98.9778966781561,19.2150823208952],[-98.97495758003937,19.214585352416375],[-98.97434953866582,19.21444314101025],[-98.97362139967713,19.214082920518013],[-98.97222426035604,19.212510909804287],[-98.97149777927287,19.211971551229265],[-98.97101601903323,19.211716081026715],[-98.9683765495987,19.21048884969119],[-98.96683775011142,19.209006549733942],[-98.96705179963786,19.207628599903945],[-98.9674239698407,19.20732719979697],[-98.96718134963768,19.20704225038443],[-98.96722874027327,19.20625108972136],[-98.967509420147,19.206125490094117],[-98.9696785696961,19.204252909837514],[-98.96770189036351,19.20312885009128],[-98.96702583018137,19.19990986024159],[-98.96697869037435,19.197921649927572],[-98.96769389035705,19.18974307976417],[-98.96641034024599,19.187031660000773],[-98.9598490604063,19.17916787956387],[-98.95652174023392,19.176635220452805],[-98.95617468008123,19.176763060163545],[-98.95238565025178,19.168637619807054],[-98.9673663999423,19.164438690110547],[-98.9546263098915,19.149524349725752],[-98.96260419979262,19.14586694955682],[-98.9664559395316,19.1438705097192],[-98.96511271994,19.140414820377103],[-98.96460554998367,19.13979702031049],[-98.96376030991232,19.137934519759995],[-98.96237701974582,19.135670249625875],[-98.96109189038933,19.133029109918752],[-98.95872948957734,19.125841229899176],[-98.95750748029468,19.122383219997722],[-98.95765602989212,19.119631020365485],[-98.95807042956564,19.11758096988062],[-98.95870200006635,19.11363851031695],[-98.95869054958014,19.112567940389912],[-98.95840974975003,19.11130940042006],[-98.95895665977277,19.10904271999482],[-98.95906350953324,19.10427795023148],[-98.96123978043842,19.095583180033756],[-98.96326577022775,19.092062779974167],[-98.96572147982319,19.085861170043255],[-98.96828358018257,19.083140879639615],[-98.97137233994765,19.08121837971656],[-98.97369661983899,19.07955316967083],[-98.97899540233965,19.074455950742802],[-98.9835944855863,19.078763251047864],[-99.02899368179848,19.08536879235511],[-99.04320886424229,19.075755461062187],[-99.0598002320327,19.048236662900454],[-99.1069167478495,19.07283012391572],[-99.13537901811708,19.089296070896964],[-99.1364814924035,19.08937799292126],[-99.14681086011981,19.100583090102255],[-99.15474753981216,19.108836550127624],[-99.1632928502348,19.117490570367682],[-99.15500931986796,19.135309709762897],[-99.15249958000496,19.14211808028172],[-99.15195691032051,19.150767429667884],[-99.14960841992792,19.16031288018995],[-99.14820007979817,19.160235030086113],[-99.14680388981405,19.1599446895534],[-99.14449414969802,19.1586654495922],[-99.14344581994175,19.157538850347606],[-99.14228364963962,19.155136380413484],[-99.14113294997208,19.153514550270124],[-99.14069556968872,19.152496689596486],[-99.14040431955318,19.15221325976514],[-99.13942615006377,19.151647219842964],[-99.13853226040202,19.151338350323368],[-99.13240604952753,19.148611290074264],[-99.10573639975473,19.197340709934544],[-99.10518183030064,19.198273080298918],[-99.10469782911181,19.198205519859464],[-99.10460885944217,19.19842581988321],[-99.10482430990868,19.198656150309382],[-99.10479968912516,19.198964221248673],[-99.10262924990644,19.200311120337766],[-99.10224693952932,19.200661971305898],[-99.10211758029709,19.201051799911514],[-99.10185431064694,19.20443042967377],[-99.10174594018947,19.204808890773034],[-99.10088611888229,19.20582465109796],[-99.10025612009903,19.20611523055217],[-99.10012395005684,19.206245851098654],[-99.09992053874113,19.207385630367163],[-99.09921250968101,19.20814727982708],[-99.09826902862045,19.2082381999083],[-99.09687311003573,19.208653859714396],[-99.09597408951412,19.208554140139565],[-99.09568703016839,19.20862793963842],[-99.09509891978402,19.209590020172946],[-99.09499599987993,19.21107428008939],[-99.09489992017558,19.21128331975858],[-99.09465451019648,19.211493020397118],[-99.09429508004462,19.211524429750362],[-99.09368525030533,19.21107891971415],[-99.09318092011479,19.2109299401178],[-99.09239171952837,19.210892509881187],[-99.09096536961525,19.21101937964626],[-99.03019302996363,19.223632850212503],[-99.00010375021074,19.226317580455124],[-99.00009612414223,19.226392832954524],[-99.0031289996596,19.22706002023387],[-99.00299060317704,19.227573906977458],[-98.99984690984459,19.22678392115916],[-98.99957247990027,19.2275595105083],[-98.99902228978459,19.22735705062705],[-98.99886393861541,19.227704740247095]]]}},{"type":"Feature","properties":{"nombre":"Álvaro Obregón","n":512,"price_median":1349.7,"price_mean":1742.89},"geometry":{"type":"Polygon","coordinates":[[[-99.19220056143965,19.403716060728833],[-99.1923446188445,19.401653279697197],[-99.19222474026253,19.401131689599495],[-99.19188785031622,19.400727171077836],[-99.19128184987356,19.40026468983283],[-99.19061402990683,19.399322230877157],[-99.18845180044856,19.39412806136261],[-99.18836419916504,19.393633450611794],[-99.18841325020169,19.39323015024912],[-99.18881581937211,19.392016600006524],[-99.19033884981943,19.386188770615],[-99.19167257044818,19.383029951112903],[-99.19173374986515,19.382680830424945],[-99.1917571201318,19.37963331009872],[-99.19162552036859,19.37766899997718],[-99.19214060037928,19.373403509954585],[-99.1921017697432,19.37309750998295],[-99.19165545968475,19.371869629855667],[-99.1918158802893,19.369969650329544],[-99.19176270961138,19.369251859882553],[-99.19153157956848,19.36854551033118],[-99.19090734047091,19.367421600092825],[-99.19076589023852,19.366886830271746],[-99.19109309024553,19.363489750448554],[-99.18913354032406,19.363014199623652],[-99.1884454004127,19.363028110184953],[-99.18800443036056,19.362945079772604],[-99.1870047698528,19.362263399922774],[-99.1856849201598,19.361724600770568],[-99.18483288972124,19.361780309899384],[-99.18371204979687,19.36171805975046],[-99.18232647982396,19.362555120130548],[-99.18154283041216,19.362821691051323],[-99.18097239866478,19.362927399671594],[-99.18019922033318,19.362925370346215],[-99.17979742999324,19.36303598056215],[-99.17946633965049,19.36325105982172],[-99.17920375029722,19.363807050068488],[-99.17774192016084,19.365141460197517],[-99.17450865020052,19.362016310030373],[-99.17327637985215,19.360605060742255],[-99.17285922969131,19.36026574089319],[-99.17170611030545,19.359568259839747],[-99.1727275503975,19.35718166031443],[-99.17299350989778,19.356751400223615],[-99.17494158041946,19.354636429603747],[-99.1754274504732,19.353984969958038],[-99.17722597995733,19.352444090065116],[-99.17766194957788,19.351744290104605],[-99.17993152011904,19.349642879582607],[-99.18012727961242,19.349268050007662],[-99.18055474039728,19.34723578027008],[-99.18073126009462,19.34719912003667],[-99.18082265982886,19.347062120182326],[-99.18179216980681,19.34734537991989],[-99.18249764856775,19.34664418016258],[-99.1828748788559,19.34658431044298],[-99.18308442018174,19.346121769912973],[-99.183410800293,19.344775420311986],[-99.18403834977555,19.343647980629033],[-99.18450151880388,19.343587480070816],[-99.1847752189429,19.34343810982409],[-99.18650511869691,19.341932911095476],[-99.18668500014931,19.34139837980165],[-99.18680857027792,19.341278181036223],[-99.18766099914757,19.341015309666343],[-99.1882243087989,19.34040438037444],[-99.18916107940821,19.33972278122643],[-99.19004577897263,19.338586580935427],[-99.1903213086946,19.33867723127375],[-99.19024879872023,19.337979650513347],[-99.19060473984631,19.337722850891343],[-99.19123578556768,19.336877240747686],[-99.19172492031949,19.336873620109532],[-99.19428482047118,19.336391629579932],[-99.19805679882359,19.335484150808355],[-99.19870965872974,19.334963050255332],[-99.19982091877931,19.33350537995644],[-99.19992434972515,19.333226540669138],[-99.19693398046162,19.33372076976486],[-99.19629468988666,19.333631291171006],[-99.19639097953684,19.333241660045726],[-99.19626552007135,19.33268442032602],[-99.19470417921346,19.330233490017637],[-99.19488131950888,19.32314055057017],[-99.19498777922544,19.321842510423963],[-99.20118464901302,19.311953549891744],[-99.20118420392146,19.311457860688154],[-99.20047567974527,19.311406090477167],[-99.20024711918755,19.311160030797765],[-99.20523873976705,19.30630140017595],[-99.20544674017523,19.306476749963707],[-99.20555338429578,19.306723379880317],[-99.20575217037971,19.30568188036721],[-99.21330447953325,19.307019310056152],[-99.21436674047172,19.307249370043664],[-99.21592284964593,19.307881149554717],[-99.21719791034161,19.308772540344325],[-99.21823174982605,19.309887719982346],[-99.21966345045196,19.31180595039398],[-99.22012194003298,19.31267383105136],[-99.22051735032387,19.313716541226324],[-99.22147794916613,19.31869238092785],[-99.22140830921455,19.319643860273796],[-99.22114645855169,19.32026931085574],[-99.22090099897224,19.3206476002788],[-99.22046997057687,19.321081140904816],[-99.21434951903893,19.325321400399442],[-99.21360913892114,19.32591802957495],[-99.21278331993288,19.32679702966547],[-99.21211021875456,19.32782808068139],[-99.2093693696231,19.33327827974531],[-99.20820506040499,19.334851460015997],[-99.20665877968318,19.33621838068187],[-99.20710601920216,19.336544019975527],[-99.20867401890638,19.33597648980963],[-99.20751512034448,19.337811121240772],[-99.2083877792164,19.337851309845163],[-99.20946428031752,19.33734088025173],[-99.21002038013806,19.336911169900176],[-99.21122665921699,19.33625334074184],[-99.21148241981588,19.336197680629738],[-99.21198356996878,19.336284079712385],[-99.21234039872064,19.336190480979308],[-99.21356757001456,19.336555051254656],[-99.21486357915335,19.336387750736698],[-99.21531131934826,19.336109800577017],[-99.21541813886336,19.33567523023988],[-99.21556008011473,19.335521571040896],[-99.21601618032929,19.335271580866433],[-99.21658601862431,19.335227540606994],[-99.21683783036055,19.33508703132464],[-99.21713841958423,19.33469174967041],[-99.21782953890052,19.3346117403988],[-99.2185629091747,19.334391141140358],[-99.21913877916572,19.333978910089016],[-99.22132707942104,19.3338221810538],[-99.22240281983359,19.333537030686703],[-99.22421569039817,19.332748980294994],[-99.2241151697932,19.332497289631917],[-99.22420485964898,19.332358080764063],[-99.2262709800869,19.331562879720654],[-99.22715707899488,19.331603799612896],[-99.22928985885748,19.33051501965649],[-99.22968290958936,19.330365200150162],[-99.23009719907306,19.33031610956698],[-99.23120145859617,19.329835180413124],[-99.23152691015748,19.3292884604791],[-99.2318775090854,19.32902817022078],[-99.23213174014462,19.328494850022906],[-99.23348853931914,19.327227510896556],[-99.23408350898038,19.32680798096259],[-99.23601367916964,19.325898850819566],[-99.23637156972566,19.325457741194455],[-99.23645361931769,19.325171880932004],[-99.23731292029346,19.32470027963281],[-99.23883174993185,19.32446658065671],[-99.2393172891464,19.324675781044938],[-99.2397613700595,19.324505620359332],[-99.24032374038977,19.32442199969999],[-99.2410755700803,19.325170490113656],[-99.24277207904147,19.327999230395932],[-99.2435361200922,19.328464551222336],[-99.24383128964193,19.328451719551808],[-99.2442294492795,19.32855968974762],[-99.24502810863325,19.32843418071927],[-99.24529365004422,19.328175250840683],[-99.24552310917569,19.32811000016535],[-99.24638628991153,19.328079139806437],[-99.2483502786146,19.327795579886455],[-99.24935265975955,19.327213149858483],[-99.2499586290931,19.327029231241994],[-99.25225225865724,19.327087860325065],[-99.25310131864505,19.326986020751523],[-99.25335265025225,19.32686511128582],[-99.25398953954233,19.326951689985925],[-99.25517571990902,19.326559310289017],[-99.25581937044758,19.325722629630356],[-99.25591524997732,19.32572551030769],[-99.25625861965813,19.325220850387677],[-99.25653174018656,19.324343049725996],[-99.25752942042185,19.322861630352666],[-99.25807508927053,19.322385510503207],[-99.25842168027935,19.322275089640282],[-99.25904251031383,19.321815231029124],[-99.26037450884975,19.320566119988094],[-99.26057387990967,19.32014893973411],[-99.26103848908824,19.319557450227364],[-99.26160353926507,19.31828191093161],[-99.26176884877549,19.31768945034796],[-99.26244047864873,19.317166180716193],[-99.26317054934577,19.3163060303373],[-99.26451454963237,19.315310540472296],[-99.26465193999873,19.315022801256475],[-99.26497403011194,19.314791570099185],[-99.26543396986743,19.314190261283503],[-99.26590065661615,19.313437453981674],[-99.26678013909988,19.313522289782348],[-99.26752308951365,19.313801281189743],[-99.26769428920859,19.31402908097264],[-99.26764724776251,19.314202418672817],[-99.26843817034462,19.314010000702797],[-99.26898511890367,19.313729569879296],[-99.26953391951527,19.313558250273417],[-99.27013830971381,19.31241798024361],[-99.27054465968962,19.311936679831387],[-99.27051028953781,19.311544650613037],[-99.27033959972299,19.31180075066366],[-99.27005530879133,19.31152385033581],[-99.27114547882641,19.30904945965935],[-99.27083905004747,19.308862911301624],[-99.27134165914858,19.308256920527096],[-99.27120364880456,19.307218880477425],[-99.27091899931912,19.306818480905847],[-99.2704459486065,19.306514250625508],[-99.27000769010093,19.30576882994961],[-99.26870047929154,19.30533133973274],[-99.26843025026324,19.305115620180775],[-99.26904527979805,19.304741601093173],[-99.27042173967087,19.30412558107434],[-99.2714130303669,19.303081380161267],[-99.2722170002761,19.30245818033071],[-99.27150407972118,19.302309119778275],[-99.27128211952547,19.30206826019414],[-99.27048591971453,19.30157328109491],[-99.2703803402188,19.301411489728885],[-99.26973664988321,19.30117628095521],[-99.27055342966455,19.299679800220773],[-99.27147259962258,19.299174999559284],[-99.2716638201019,19.298341740427087],[-99.27148617996994,19.297996710391512],[-99.27185404994088,19.296112680406768],[-99.27210742973993,19.295505660362558],[-99.27232677006951,19.295334580031035],[-99.27249809012433,19.294657999555497],[-99.27246124964545,19.294211080178084],[-99.27316331994984,19.29314934034375],[-99.27473440030577,19.29132864988481],[-99.2761689503033,19.289097909679878],[-99.27332029042752,19.285189229649884],[-99.2778881497855,19.282593260160755],[-99.27792942953296,19.281702709975622],[-99.2780028801688,19.281552509735683],[-99.27822399957878,19.281414030254005],[-99.27846554000713,19.28146912029176],[-99.2786570896292,19.28162171980157],[-99.27902028973,19.28171568042624],[-99.27920016965226,19.281670379641536],[-99.27963785016011,19.28115479956434],[-99.28021674035108,19.280821079633515],[-99.28080837988074,19.280757540129727],[-99.2811398197713,19.280619799909736],[-99.28150905955864,19.27949067994422],[-99.28230149007432,19.279032999834886],[-99.28304252036592,19.27776868998182],[-99.28347518011503,19.277275050029232],[-99.28396543028448,19.276961339696758],[-99.2837494295865,19.27622634969809],[-99.28331000043416,19.275997249757246],[-99.28317845010811,19.27573625965872],[-99.28333111968838,19.275097020084026],[-99.28404934023241,19.274591949844837],[-99.28494245979807,19.27327494005197],[-99.28524695042199,19.27310772017848],[-99.28543791982614,19.27182597978189],[-99.28618959963535,19.27068068030928],[-99.28752840041528,19.270171480198293],[-99.28826393964721,19.270171309808173],[-99.289329489807,19.270350970295762],[-99.28963082993187,19.27028612043523],[-99.2899561797147,19.27007829043328],[-99.2909210803953,19.269202030208543],[-99.2925787999713,19.268308399875558],[-99.29274277047519,19.26763822969927],[-99.2935198295881,19.26688177970535],[-99.29401545042455,19.266022710032743],[-99.29405622955099,19.26556463034846],[-99.29398706028041,19.265278779603076],[-99.29418820035794,19.26489110971679],[-99.29423671981499,19.26459544974045],[-99.29510428031479,19.263802020038842],[-99.29680873999355,19.263112149850627],[-99.29696551977095,19.262711919866693],[-99.29728891988584,19.262287660087537],[-99.29775589040476,19.261882200115075],[-99.29798354037167,19.261453749704025],[-99.29894924980289,19.26122011965649],[-99.29977494027345,19.26088605005801],[-99.30023412044756,19.260937579780148],[-99.300566630262,19.261096580222823],[-99.30087649042056,19.261044460138642],[-99.30147754963554,19.26050288999138],[-99.3019112302897,19.259512570363096],[-99.30216166020001,19.259355580141122],[-99.30237034978208,19.25892820019454],[-99.3030255104082,19.258667510326816],[-99.30350567993838,19.258667150182426],[-99.30388867975955,19.258383619559766],[-99.30529997023959,19.257942719715302],[-99.30623568997297,19.25774492027723],[-99.3068962000278,19.257776400355443],[-99.30877404986627,19.258097629686326],[-99.31020317047259,19.257274649992983],[-99.31120930951671,19.25707558033735],[-99.31226662955008,19.25708461983099],[-99.31280034986385,19.25670240027404],[-99.3137620803529,19.256657449986204],[-99.31407390973536,19.25681092037452],[-99.31439264975826,19.25681347959886],[-99.31459485975611,19.256736119733038],[-99.31477205011095,19.256513229990276],[-99.31536288002063,19.256358919805894],[-99.31547043007826,19.25599250971291],[-99.31478143037342,19.255217800042644],[-99.31476956965228,19.254978660050337],[-99.31519214988458,19.25435902040858],[-99.31526017034363,19.253955999795828],[-99.31550611982004,19.253306599796247],[-99.31593505991086,19.252804000402186],[-99.31594808035128,19.252626289692955],[-99.31585594042889,19.252449650451116],[-99.31608199968002,19.25201494997289],[-99.31590867996526,19.251649480134013],[-99.3159168201892,19.25091574963397],[-99.31599640007924,19.250841739604102],[-99.3161787701755,19.25085114018157],[-99.3163253398454,19.251032799703548],[-99.31644257953727,19.251032350346442],[-99.31662948039947,19.25073782017274],[-99.31677031021003,19.25077900012243],[-99.31681753981624,19.25072497962128],[-99.31707406042194,19.250307879556036],[-99.31699582962264,19.249146740344603],[-99.31713554963768,19.24855426005157],[-99.31728876995346,19.248052720020553],[-99.3175230503037,19.247610320152983],[-99.31776525034381,19.247362580313936],[-99.31784797962587,19.24712340002628],[-99.31771402971337,19.246403830130554],[-99.31756411985434,19.246083119752882],[-99.31772238005097,19.2459226601867],[-99.31779457975192,19.245670059715607],[-99.31750659962916,19.24529839989049],[-99.31763653986468,19.244492049871187],[-99.31827739963961,19.243728579889265],[-99.3183908601167,19.243478399604385],[-99.31872207980459,19.243209849558514],[-99.3192601796371,19.243443570193694],[-99.31953434983744,19.243397320267594],[-99.32005876996395,19.243143379632837],[-99.32266914962278,19.24030654040512],[-99.32316434038937,19.239231220043212],[-99.32331448966015,19.238554919868072],[-99.32319410971452,19.238253030389902],[-99.32287129042494,19.23801911000796],[-99.32285444967151,19.237762740191826],[-99.32272982954241,19.23751142973595],[-99.32299538000805,19.235908460298223],[-99.3227366195922,19.235653459978646],[-99.32276637995353,19.2353055796777],[-99.32263244982306,19.234081089609628],[-99.3222548497588,19.23264782959774],[-99.3243202903122,19.232609800188236],[-99.3243559399859,19.2343070002537],[-99.32422826008319,19.238337879979177],[-99.32351965996145,19.250742880133018],[-99.32364317020604,19.26508665956602],[-99.31878457004382,19.273224940365623],[-99.31738357953091,19.274870709886365],[-99.31711876969565,19.276171309582452],[-99.31715527978423,19.277046249947624],[-99.31684856998396,19.27766051040282],[-99.31692114036356,19.27824653972478],[-99.31670159977878,19.279305090371516],[-99.31627149019786,19.279768020285214],[-99.31613130956168,19.2807846496571],[-99.31572929021165,19.28219932022806],[-99.31581734974219,19.283710049716497],[-99.31624959967223,19.284396290199485],[-99.31667386011374,19.286136380165],[-99.31658005984892,19.28718211030073],[-99.31619814981414,19.287699250239903],[-99.31604030976261,19.28869882020882],[-99.31573506024233,19.289903059951108],[-99.31655752039809,19.290877740204234],[-99.31668105029505,19.29171446010788],[-99.31704475024563,19.292606490103385],[-99.3171226897353,19.29340393967236],[-99.31702446029553,19.293969680104162],[-99.31710905007309,19.294252309928645],[-99.31695475007362,19.294647260028455],[-99.31715411001849,19.295086489813272],[-99.31716016962605,19.295816490313516],[-99.31677180008114,19.297016399925422],[-99.31646402954402,19.297418690232984],[-99.31623368998473,19.298113429982166],[-99.31623331959635,19.29834082975941],[-99.3158933499434,19.299173510204277],[-99.31594702953488,19.299376079714328],[-99.31639996988606,19.29987556988794],[-99.31640807982681,19.30005442972571],[-99.31577474981945,19.300532769998675],[-99.31514315012456,19.301286080021587],[-99.31469069018496,19.301452719620837],[-99.31441020015369,19.301378910134392],[-99.31398887953259,19.30144058010795],[-99.31387214986103,19.30194339988286],[-99.3138846504142,19.30306846021662],[-99.31360437009916,19.303592549614887],[-99.31309512004492,19.304088679918706],[-99.3128767201125,19.30417837002746],[-99.31209509005487,19.304168820116008],[-99.3119727203711,19.30433935025497],[-99.3122808602887,19.3052296303874],[-99.31222881959886,19.305550919632267],[-99.31193103032216,19.306396169649627],[-99.31157185962023,19.306805140080222],[-99.31133194043241,19.306903579999364],[-99.31074874963787,19.306760630335496],[-99.31041699992176,19.307456030164957],[-99.31015382998275,19.307578520118255],[-99.30950687999028,19.30695787997378],[-99.30942185982869,19.30677902987086],[-99.30933222026586,19.306187449839133],[-99.30941935022393,19.30545669043751],[-99.30912397995868,19.30514150986946],[-99.30879197992246,19.305096150316707],[-99.30816334953938,19.3054378003667],[-99.3078466198221,19.305747349944063],[-99.30739137022181,19.306888520117443],[-99.30735901990039,19.307871169994602],[-99.3070200904488,19.30796832019497],[-99.3063728503223,19.307239379995764],[-99.3061335199805,19.30716935031323],[-99.30590771021132,19.307247150045548],[-99.30502868013888,19.309063519887403],[-99.3042908503308,19.309421119952212],[-99.30345240034003,19.31101718028632],[-99.30330177976874,19.311144050288235],[-99.30312123045914,19.31112308998599],[-99.30276708972991,19.310782859804558],[-99.30171211024741,19.30951183014242],[-99.3014552896828,19.309438119924714],[-99.30129002008175,19.309509479942154],[-99.30126622964976,19.311356310049504],[-99.30109009009168,19.312207250130726],[-99.30049017966552,19.31245311039881],[-99.30007598029216,19.313546920340183],[-99.30003684974483,19.31397282023898],[-99.30010276994354,19.314356650182397],[-99.30043805965502,19.315083050092397],[-99.30073442956798,19.316074460021504],[-99.30113799989837,19.316907350350323],[-99.30125882017983,19.317712649898773],[-99.30180542987566,19.318304649771804],[-99.30169046037565,19.31859480003736],[-99.30134359969784,19.318619289739335],[-99.3012495198453,19.31871622014474],[-99.30105437977082,19.319660340188396],[-99.30066842978121,19.320213019602992],[-99.3005972204766,19.320449199708648],[-99.30062909047098,19.32091866029649],[-99.30049992031385,19.32147946045484],[-99.30057164960918,19.32203014978449],[-99.30052944997976,19.322254079719002],[-99.30034529001263,19.322339149974223],[-99.3001678200611,19.322300979862487],[-99.2998082002689,19.32189732011198],[-99.29961491889111,19.3215071100847],[-99.2990784599015,19.32118742108828],[-99.29884887980054,19.32067735061591],[-99.29869182932934,19.31993951006008],[-99.29840425021949,19.319440230001405],[-99.29815910868727,19.319185460879403],[-99.29770939862573,19.31898743126491],[-99.2970984799585,19.318850570188633],[-99.29673968973076,19.31863406106588],[-99.29640143017177,19.318111480375986],[-99.29655437034228,19.317380649932108],[-99.29646135011166,19.317229401213762],[-99.29612481924046,19.317198379553236],[-99.29546754912145,19.317563710084432],[-99.29526757014695,19.317449679709206],[-99.2949934202336,19.317016751198114],[-99.29484628984581,19.31691877061016],[-99.29457576860312,19.317005690621382],[-99.29437650999915,19.31741591050036],[-99.29375954036692,19.31883149055956],[-99.29356377973568,19.319880000186977],[-99.29343833961208,19.320168230491582],[-99.29314347968692,19.320531050395342],[-99.29280594945592,19.32079218132094],[-99.2923898486203,19.320978110351234],[-99.29101651047228,19.32125393958891],[-99.29057247994102,19.321454820237825],[-99.29045137957904,19.321662141294038],[-99.29043683028472,19.322010580396224],[-99.2906705401482,19.322315520366246],[-99.29116328018868,19.322524679647266],[-99.291425419194,19.32274037962771],[-99.29153139992317,19.32299364969446],[-99.29174124928207,19.324207940673215],[-99.2917523098895,19.324662910747076],[-99.29165406000749,19.325034950175834],[-99.29078244937949,19.326648880567472],[-99.29079895019488,19.327059681160172],[-99.29135951946547,19.32844734083302],[-99.29138941969288,19.328675630895923],[-99.29126433927665,19.32915725961782],[-99.29014771916995,19.330792950173834],[-99.28973662859704,19.33170503131405],[-99.28945628889419,19.33209962123493],[-99.28832321920709,19.333304049749742],[-99.28795991020878,19.33347812032989],[-99.28772962860987,19.333366449911992],[-99.28765772030312,19.333063350450274],[-99.28837061954407,19.331322290575994],[-99.28832270867686,19.330669770219888],[-99.28787568004188,19.330223349868007],[-99.28691005003091,19.32977553961607],[-99.28669856933729,19.329770829761845],[-99.28741253863303,19.330547660490943],[-99.28751630865501,19.330820800474978],[-99.28749770881869,19.331149260445876],[-99.28628899967285,19.333584600633785],[-99.2851205501007,19.336268350172034],[-99.28495154954346,19.3364720500065],[-99.28447774016462,19.336664711289522],[-99.28381497960662,19.336603719851816],[-99.28329956991087,19.336414879887027],[-99.28238250973894,19.33580027968031],[-99.28183706003944,19.335553690365455],[-99.2804977803599,19.33517576965931],[-99.2802106496666,19.3352320195688],[-99.28006197016782,19.33545449016277],[-99.28005423022833,19.33624795016151],[-99.28021723039025,19.336528140011286],[-99.2810587804127,19.33700651027143],[-99.28115985971544,19.337212259786966],[-99.28115625013737,19.337434079988842],[-99.28031393973927,19.337351549809885],[-99.27964788967905,19.3376291202855],[-99.27920782044926,19.337604489884825],[-99.27849816982884,19.337733819873424],[-99.27731995010646,19.338310479807873],[-99.27421422970541,19.339550570114582],[-99.2723288602712,19.340519570261733],[-99.27069637046927,19.341166090005547],[-99.26998052030906,19.341581319657873],[-99.2694876895794,19.34201468038124],[-99.26934929010835,19.34203873975819],[-99.26872689023453,19.34184977974737],[-99.268416969734,19.341889739567293],[-99.26764485970442,19.342717249998913],[-99.26677552030897,19.344074740034955],[-99.2658747695558,19.34407985013863],[-99.2657609102725,19.34414083031238],[-99.26556258007041,19.344497180047814],[-99.26497685963209,19.344676800062906],[-99.26488167990718,19.344803460119852],[-99.26484348046961,19.345207030268195],[-99.26470882012688,19.345305460421685],[-99.26437670963213,19.345231199821065],[-99.26424192039323,19.345309570121362],[-99.26414585993679,19.34595958006947],[-99.2634307495215,19.34615175015115],[-99.26319537041,19.346725780078952],[-99.2630609204463,19.34684128982373],[-99.26289268000836,19.34688851976482],[-99.26251111959682,19.346686020280824],[-99.26224313953246,19.34670266034046],[-99.26196237039422,19.34694534991234],[-99.26170114964324,19.34703916975753],[-99.2613908800274,19.34703908017891],[-99.26119333989003,19.347178090276273],[-99.26087411881245,19.347192370112257],[-99.26057311973739,19.347523829681982],[-99.26020267968038,19.347532860063716],[-99.25899750901227,19.348059170694814],[-99.25897431967478,19.34817299966772],[-99.25907095031303,19.348219150270292],[-99.25967187954433,19.34797425964155],[-99.26032813922977,19.348066029802293],[-99.260570769891,19.348012260373704],[-99.26095679957504,19.34776548037824],[-99.26107344982124,19.34775174044892],[-99.26113190985565,19.347829940119325],[-99.26057023019814,19.348209449987802],[-99.25979832019362,19.34833285988645],[-99.2592275797386,19.34906094028215],[-99.25831648963826,19.349611880207355],[-99.25820657958673,19.349759939708143],[-99.25822908001668,19.34994840000016],[-99.25835089017002,19.350067220842153],[-99.25908713959357,19.349966279888108],[-99.25933077954113,19.35017467996324],[-99.25938602028127,19.35050963020526],[-99.25926893867945,19.350927920246377],[-99.25924858040995,19.351774549917614],[-99.25984148982437,19.35420722992026],[-99.26031362006441,19.35697522097429],[-99.26104705990005,19.360543139902948],[-99.26125985031483,19.361044400094563],[-99.26199564955954,19.3616678000235],[-99.26282668041269,19.36213105018713],[-99.26510477982647,19.362842449566287],[-99.26683310878708,19.363545280742137],[-99.26657758038839,19.363960920348866],[-99.26645289011618,19.364690079811588],[-99.2667890489204,19.367027711148857],[-99.26672310905066,19.36780871083929],[-99.26580440020413,19.370205290132],[-99.2650749491973,19.37174565057512],[-99.26549194871919,19.372037169843374],[-99.26607353941587,19.371625320198564],[-99.26618022010759,19.37150006115823],[-99.26639534040311,19.370720831228887],[-99.26719719873682,19.369346081106045],[-99.26791551953252,19.36878750966688],[-99.26843377901437,19.368713169643573],[-99.26910864916026,19.36906385107954],[-99.26863238045482,19.369607820966216],[-99.26827490986904,19.370420430228247],[-99.26822780002695,19.370953850819507],[-99.26837995036615,19.371808830748687],[-99.26977801968025,19.37144435074967],[-99.27015665006797,19.372503380411075],[-99.27014339866234,19.372810260836573],[-99.26997725990446,19.373137970760823],[-99.26952388031933,19.373441121297837],[-99.26890956877695,19.37355617030854],[-99.26848654964869,19.373542289864577],[-99.26782848013626,19.37335292087632],[-99.26757710919858,19.37337232047801],[-99.26725644923508,19.37359366091655],[-99.26686862018296,19.374166690428517],[-99.26649017015009,19.374411980293747],[-99.26325705938913,19.374956380336513],[-99.2613534898584,19.375840659975548],[-99.26059685907383,19.376353219933407],[-99.25690916989487,19.379613059674043],[-99.25003401916452,19.384035799960497],[-99.24599852021396,19.387230279843585],[-99.24547737030359,19.387394379720607],[-99.2449975697654,19.387385819880162],[-99.24319811978322,19.386918459852833],[-99.24267897024295,19.38703517957472],[-99.24210905046765,19.387354620444206],[-99.24138635024245,19.38798175030043],[-99.24020937960691,19.388653059593214],[-99.23967265013421,19.38913671064489],[-99.23941970908022,19.38958908986507],[-99.23902176933406,19.390727941086062],[-99.23900662940177,19.392473379853094],[-99.23880750947063,19.392824249971255],[-99.23784260045721,19.393491260229204],[-99.23738285974801,19.393598720845166],[-99.23603951961941,19.393562461176764],[-99.23257682022182,19.394903510767513],[-99.23106687950867,19.394898631143086],[-99.22998128007032,19.395256310957762],[-99.22734514027546,19.39579585000393],[-99.22499053867585,19.39563274024583],[-99.22357876891522,19.395852720762214],[-99.21485610876452,19.39870571006336],[-99.21386618006562,19.39911769089286],[-99.2126740894081,19.39976488103603],[-99.21051002016348,19.400424711123744],[-99.20784521947918,19.40085392093971],[-99.20190161934073,19.401556180091653],[-99.20141667989569,19.401682030697163],[-99.19806871924658,19.40300366046735],[-99.19220056143965,19.403716060728833]]]}},{"type":"Feature","properties":{"nombre":"Benito Juárez","n":1823,"price_median":1229.0,"price_mean":1832.72},"geometry":{"type":"Polygon","coordinates":[[[-99.14680862976348,19.403981140292238],[-99.13740615040189,19.403463540166594],[-99.13703480048181,19.402958199781338],[-99.13658764963884,19.402811819772314],[-99.13718231884931,19.399200320268267],[-99.13094249037226,19.398954319901954],[-99.13103405867547,19.396729230047626],[-99.13129176856103,19.396275910573088],[-99.13143171839667,19.395745659583305],[-99.1323615199502,19.391311630251526],[-99.13267409034957,19.390186510036422],[-99.1347064592441,19.38058096966442],[-99.13989382967138,19.357369599890802],[-99.13983600039249,19.35691759964037],[-99.14438185986259,19.35729614959176],[-99.15146562041463,19.35760229008302],[-99.169781761546,19.35865989594745],[-99.17055735003143,19.358888421450217],[-99.17308222011047,19.36042750976242],[-99.17450865020052,19.362016310030373],[-99.17774192016084,19.365141460197517],[-99.17920375029722,19.363807050068488],[-99.17946633965049,19.36325105982172],[-99.17979742999324,19.36303598056215],[-99.18019922033318,19.362925370346215],[-99.18097239866478,19.362927399671594],[-99.18154283041216,19.362821691051323],[-99.18232647982396,19.362555120130548],[-99.18371204979687,19.36171805975046],[-99.18483288972124,19.361780309899384],[-99.1856849201598,19.361724600770568],[-99.1870047698528,19.362263399922774],[-99.18800443036056,19.362945079772604],[-99.1884454004127,19.363028110184953],[-99.18913354032406,19.363014199623652],[-99.19109309024553,19.363489750448554],[-99.19076589023852,19.366886830271746],[-99.19090734047091,19.367421600092825],[-99.19153157956848,19.36854551033118],[-99.19176270961138,19.369251859882553],[-99.1918158802893,19.369969650329544],[-99.19165545968475,19.371869629855667],[-99.1921017697432,19.37309750998295],[-99.19214060037928,19.373403509954585],[-99.19162552036859,19.37766899997718],[-99.1917571201318,19.37963331009872],[-99.19173374986515,19.382680830424945],[-99.19167257044818,19.383029951112903],[-99.19033884981943,19.386188770615],[-99.18881581937211,19.392016600006524],[-99.18841325020169,19.39323015024912],[-99.18841437041102,19.394018279605195],[-99.1890551697139,19.395590339640556],[-99.18759816967221,19.39569230975619],[-99.1863760202007,19.395648600499815],[-99.18520829000062,19.395963519607704],[-99.18409705979367,19.396157420031003],[-99.18246328974055,19.396761339844623],[-99.18210124991774,19.3969613999321],[-99.1809575499446,19.397095921190864],[-99.1795116002292,19.39740034968515],[-99.17890317027476,19.39736902973709],[-99.17553236971206,19.398094110077214],[-99.17451875019076,19.398539780717698],[-99.17043551969839,19.39978979970883],[-99.16754282993818,19.400483479684013],[-99.163247280191,19.402101180390744],[-99.15695685016556,19.403982950730175],[-99.15632922972897,19.40406328009822],[-99.14680862976348,19.403981140292238]]]}},{"type":"Feature","properties":{"nombre":"Tláhuac","n":36,"price_median":527.83,"price_mean":668.12},"geometry":{"type":"Polygon","coordinates":[[[-99.0013537254289,19.327133603159485],[-98.97986823001413,19.32613957972765],[-98.97956743032816,19.325787030410034],[-98.98060733959025,19.324656650312555],[-98.98019445033245,19.32414679956319],[-98.97933937005597,19.32396195005872],[-98.97856030960948,19.323902490094692],[-98.97848705007436,19.3246101204361],[-98.97833028022556,19.32464155041357],[-98.97820309021117,19.325331080405405],[-98.97792659910486,19.325285181306143],[-98.97804561893483,19.324992351114926],[-98.97749386002435,19.324768580998064],[-98.9773973797022,19.32522538034211],[-98.97659050857068,19.324947570555974],[-98.97651650989263,19.32425568967577],[-98.97622817948205,19.32429619995861],[-98.97629244884115,19.324938400483887],[-98.9759563994119,19.324946750781383],[-98.97532367967526,19.325643490320214],[-98.97470915035724,19.325667230423743],[-98.97118338030756,19.32543162974895],[-98.97039265023021,19.324927600142697],[-98.96896024153922,19.324742520878377],[-98.9682753104575,19.325722519700967],[-98.96044838638007,19.32537215716283],[-98.95790262944696,19.323227620606],[-98.96296582912515,19.316727380942346],[-98.96334128902201,19.315032230062954],[-98.96439331030497,19.307934690244984],[-98.96477606035444,19.306880770645563],[-98.96538677016521,19.306335920578217],[-98.96627643029011,19.3059624902965],[-98.96722392389458,19.30596933561738],[-98.9714308797792,19.278366690206532],[-98.97491757015193,19.259490519684505],[-98.97653062971051,19.25312537988019],[-98.96598687957724,19.249941000101487],[-98.96858650973395,19.232217950067785],[-98.94592731021119,19.224966820035117],[-98.94524337971987,19.224912279851043],[-98.94476001965295,19.224620280119435],[-98.9403028204122,19.2232396504101],[-98.94255322040891,19.215614859779144],[-98.95108554033192,19.21818371006435],[-98.95239244964083,19.216246419547552],[-98.9532751504014,19.215495969571347],[-98.95289467956736,19.21526994035259],[-98.95367174914712,19.215441620973397],[-98.95394833996299,19.21464585007446],[-98.95746127882641,19.215135539655588],[-98.9600301688781,19.214413170099036],[-98.95974488998426,19.213870859872312],[-98.9626940500707,19.214142629715834],[-98.96353534962869,19.213044259875982],[-98.96431157023052,19.21323924983329],[-98.9671567803075,19.211645419904784],[-98.96782928041584,19.210705830245963],[-98.96806679939853,19.210599020620965],[-98.96852791961346,19.210571080625453],[-98.96924021994492,19.210850831105045],[-98.96976106041569,19.211182570498085],[-98.97149777927287,19.211971551229265],[-98.97242856876765,19.212695419692583],[-98.97362139967713,19.214082920518013],[-98.97434953866582,19.21444314101025],[-98.97789667815609,19.2150823208952],[-98.97815003036935,19.215068310141422],[-98.98571902880168,19.221434661131678],[-98.99055867894101,19.225778350135165],[-98.99107357893895,19.225594680386767],[-98.99123725999912,19.224789770160772],[-98.99326278040178,19.224944849985462],[-98.99356207827846,19.226930031175204],[-98.99372542018749,19.22747045963676],[-98.99420421982335,19.227426030772225],[-98.99526390864217,19.22751492015552],[-98.99544217936845,19.226242350969745],[-98.99579087907702,19.225038490122973],[-98.99637625945518,19.22521143050695],[-98.99618060012183,19.225888770117837],[-98.99642859981502,19.226190401267974],[-98.99668105989065,19.226326380064663],[-98.99746360003267,19.226488460055528],[-98.9974470487768,19.22718446016495],[-98.99723373890313,19.227310689761914],[-98.99717701954336,19.227472570027768],[-98.99814737913306,19.22753190980342],[-98.99886393861541,19.227704740247095],[-98.99902228978458,19.22735705062705],[-98.99957247990025,19.2275595105083],[-98.99984690984458,19.22678392115916],[-99.00299060317704,19.227573906977458],[-99.00312899965958,19.22706002023387],[-99.00009612414223,19.226392832954524],[-99.00010375021073,19.226317580455124],[-99.03019302996361,19.223632850212503],[-99.01820401934307,19.23767633709702],[-99.01773491971298,19.23854085963297],[-99.01548983016691,19.240856980467882],[-99.01506354984267,19.24185716983812],[-99.01493484946903,19.242459630641143],[-99.01430314980462,19.243636659580847],[-99.01391691871073,19.245111150182318],[-99.01256527891252,19.2447340311831],[-99.01247531928938,19.245014290792337],[-99.01270941945353,19.245142521052713],[-99.01229602936417,19.246513879814234],[-99.01119137923456,19.246052780938143],[-99.01107241925185,19.246722050238642],[-99.01082137937958,19.247005540684555],[-99.01051079954566,19.247072459654287],[-99.00980424925139,19.2482645499749],[-99.00950206017873,19.249380680681895],[-99.00888290915384,19.250675091182938],[-99.0086525498728,19.25076767979446],[-99.00843867868143,19.25069383115696],[-99.00826497910533,19.250728000077128],[-99.00794691979458,19.25054603133313],[-99.00768954035102,19.25102392017734],[-99.00750554990339,19.250779140330273],[-99.00704477013427,19.251605880492193],[-99.00924079969235,19.2539267703999],[-99.01069338028765,19.255341679744372],[-99.01102980012877,19.25560450979306],[-99.01128764940721,19.255729091243513],[-99.01132425988354,19.255647780922683],[-99.01169831946147,19.2560111195601],[-99.01182899960182,19.25624462959144],[-99.01177172021781,19.25666011130334],[-99.01283404929637,19.25794708083626],[-99.0134433788842,19.258373710047273],[-99.01595541883879,19.259552620283028],[-99.01651511879994,19.259955450221657],[-99.01974258009152,19.261150741322325],[-99.0198253495669,19.261029169636885],[-99.02005777944291,19.260964110547143],[-99.02075239903934,19.26095712026379],[-99.02584222902804,19.26220518085985],[-99.02603977026725,19.26194365069359],[-99.02647247911922,19.261768819673904],[-99.0268595095783,19.26176077024638],[-99.02711928864836,19.26193845085048],[-99.02720054990306,19.261837000933355],[-99.02789588888082,19.26222228026068],[-99.02930074898843,19.262374629978158],[-99.02982031963161,19.262595549816332],[-99.03028094014269,19.26294117037387],[-99.03043045028403,19.263144000666028],[-99.03053587998603,19.264168461204292],[-99.03106591959977,19.264932539767308],[-99.03302188889138,19.26711691041399],[-99.03373384917045,19.267703819698735],[-99.03464394974503,19.268745169701198],[-99.03594369039152,19.270636599579284],[-99.03646391021668,19.270976830153433],[-99.03731944909636,19.271705740304913],[-99.03858946023946,19.27213224962309],[-99.04022733986714,19.27305681963341],[-99.04043121966939,19.273253980232003],[-99.04145143004388,19.273780509861922],[-99.04510004976972,19.27486410961219],[-99.04828697029762,19.275978230414097],[-99.0505672596883,19.27750348025734],[-99.05237159957696,19.27848197980262],[-99.05449832039781,19.27936715002811],[-99.05515968021263,19.27945881980681],[-99.05676294995634,19.279500349734565],[-99.05760034014196,19.279628879758047],[-99.05967262997318,19.280284949888724],[-99.06437017985961,19.281992770028978],[-99.06831062008739,19.284439259758113],[-99.06896675040447,19.284955850121897],[-99.06757150995354,19.2865019196567],[-99.06282371018473,19.291294710405406],[-99.06163166002372,19.29266310975619],[-99.06156205021077,19.294092249570905],[-99.06197759999206,19.294424950125684],[-99.06212738033824,19.29482215037027],[-99.062594489831,19.296714539881258],[-99.06264217037932,19.297303999685752],[-99.06360301984114,19.2986730598481],[-99.0644221198636,19.300604880243863],[-99.06477743003252,19.301643080272196],[-99.06339962995796,19.305684979940708],[-99.06088555003176,19.304858220143455],[-99.05987129002298,19.30444065012158],[-99.0537825999238,19.311859849803596],[-99.05226331980612,19.310760520232428],[-99.0504295689693,19.312957169745655],[-99.04886765908569,19.311884020091252],[-99.04668859946908,19.314669051293894],[-99.04661773860175,19.31487649028583],[-99.04581027860633,19.31403244953787],[-99.04493451875689,19.312861320605016],[-99.04483817024827,19.312777259620795],[-99.04467645028281,19.312971080766864],[-99.04361251940969,19.312207740856294],[-99.04177960041004,19.314416400992954],[-99.04170937039632,19.314339110397782],[-99.04044248953558,19.315414740039632],[-99.03958522988327,19.3146872903043],[-99.03873288995007,19.31572582976501],[-99.02596114033737,19.319338169709948],[-99.0013537254289,19.327133603159485]]]}},{"type":"Feature","properties":{"nombre":"Iztacalco","n":445,"price_median":1100.0,"price_mean":1302.17},"geometry":{"type":"Polygon","coordinates":[[[-99.05604532006832,19.42223445130962],[-99.05578649038377,19.42214109056317],[-99.05640108960142,19.417507430188525],[-99.0581328795424,19.400719579622915],[-99.05826756865078,19.400735850175938],[-99.05897694003193,19.39425462040903],[-99.06051010893061,19.385251149895574],[-99.06083148031237,19.383135059815388],[-99.06084840035604,19.382588319970196],[-99.06636556971074,19.383537110185593],[-99.08313963007305,19.39221598028954],[-99.08401798024639,19.39257215034789],[-99.08458373883808,19.389475281005915],[-99.08490702013272,19.38967047963201],[-99.08652653873371,19.39015208965028],[-99.08657047886943,19.390057371077987],[-99.08676749028685,19.390072400080495],[-99.08880136906014,19.3903823100303],[-99.09564765009479,19.37959888025647],[-99.09598617998755,19.379740550382756],[-99.10125042952873,19.38023957971092],[-99.10566671990328,19.38080976975657],[-99.10736236884286,19.380926319744155],[-99.11614185961326,19.382052250331416],[-99.1224765096084,19.382440690414924],[-99.1225929988261,19.380274659625293],[-99.12253391944148,19.375699510274615],[-99.12969985968894,19.377029139792107],[-99.13415139912473,19.37748046005622],[-99.1350309504731,19.377400519654415],[-99.13542468867756,19.377306250002995],[-99.13548772037628,19.377186979763156],[-99.13147713889067,19.39555258032862],[-99.13129176856103,19.396275910573088],[-99.13103405867547,19.396729230047626],[-99.13094249037226,19.398954319901954],[-99.13718231884931,19.399200320268267],[-99.13658764963884,19.402811819772314],[-99.13603939957144,19.40291083016016],[-99.13563957914326,19.403281050424475],[-99.1354212190063,19.40336257020064],[-99.13149833982719,19.403118549647914],[-99.13052938019985,19.40313629025139],[-99.12979125008827,19.40326149003359],[-99.12706415023531,19.4040677701237],[-99.11880973959815,19.405516920236455],[-99.11457147870081,19.40561548099827],[-99.09968032003319,19.40871171966359],[-99.09808162889311,19.40892463057678],[-99.09804342877668,19.409137829772956],[-99.09612330886144,19.409116080289607],[-99.08022695017837,19.406885000268513],[-99.0797260898118,19.406868291244287],[-99.07897827901587,19.407039081221132],[-99.07852145811933,19.406992150357592],[-99.07824041998397,19.407050280005606],[-99.0779785397963,19.407147580038746],[-99.07755167873606,19.407688180810947],[-99.07709170880875,19.408425097336067],[-99.07731240675466,19.408540054605986],[-99.07340662910279,19.414383659928404],[-99.06992064942494,19.419874319577712],[-99.06949545926906,19.420252800509573],[-99.06874328872327,19.42063554002683],[-99.06795254875816,19.42080317999048],[-99.05792215034334,19.420886720064935],[-99.05682564822315,19.421359860024115],[-99.05638794941426,19.421714339696404],[-99.05604532006832,19.42223445130962]]]}},{"type":"Feature","properties":{"nombre":"Azcapotzalco","n":283,"price_median":771.5,"price_mean":1071.41},"geometry":{"type":"Polygon","coordinates":[[[-99.20467164967796,19.515135969750972],[-99.19189794953436,19.51127311073236],[-99.19149842022028,19.51057952033822],[-99.18843113992543,19.50994852044943],[-99.185221370378,19.508537079845702],[-99.1827004896396,19.507709140097493],[-99.18229079974843,19.507469800014487],[-99.18191573998882,19.507489819752163],[-99.17705041957772,19.506194909918452],[-99.17607189042823,19.506900799598913],[-99.17553809025937,19.507456020442323],[-99.17487522956738,19.507597180377363],[-99.1740404598327,19.507949999808247],[-99.17304285025773,19.50858670995402],[-99.17041392023606,19.507637260148954],[-99.16868904983205,19.50676557990705],[-99.16707814994001,19.506092420302654],[-99.16393777002092,19.505005320262416],[-99.1571811098996,19.502848889580942],[-99.15694976977619,19.50271725008963],[-99.14972011975075,19.483238149549766],[-99.14318501969495,19.46604710980709],[-99.14305468007937,19.46543691976479],[-99.14311812015994,19.465062690269324],[-99.14524475024388,19.464315689707405],[-99.14803681999321,19.463507120120518],[-99.15055405038208,19.462940430388453],[-99.1534722002741,19.463271000099645],[-99.15731129040506,19.464054649606428],[-99.15793969012951,19.46408023015702],[-99.15865070988481,19.4639249496536],[-99.15910166005811,19.46369825997485],[-99.15954890977,19.463324460017635],[-99.1610536799758,19.460968889959677],[-99.16257091036134,19.459771820423068],[-99.16293478037414,19.459341319832472],[-99.1631541502318,19.458883479946508],[-99.16371277008282,19.456434770330294],[-99.18538771981179,19.46001405010858],[-99.18848325024648,19.460777260007884],[-99.18800023014667,19.46381462004999],[-99.19073111043981,19.464671450323614],[-99.19044424553253,19.470458995554534],[-99.1909558599069,19.470629480407634],[-99.19413371965582,19.471404320345172],[-99.20009385900934,19.473182381228046],[-99.20067567864967,19.473345280461434],[-99.20101502047335,19.473359600125022],[-99.20496719984021,19.472192259678554],[-99.20682496967201,19.47121508042814],[-99.22111506025422,19.475068480431016],[-99.22049950983967,19.477717829716124],[-99.21966274961233,19.480314479937704],[-99.21618005975688,19.490166480267973],[-99.21350080044418,19.498275429988777],[-99.21199249028267,19.5035107204288],[-99.21168380044669,19.504996510334543],[-99.21137711979715,19.507212370235507],[-99.21105242018771,19.508444510141356],[-99.21077959997385,19.509084769739264],[-99.21016417026712,19.511139120435633],[-99.20925754036558,19.512409020120767],[-99.20897048025722,19.512680630148967],[-99.20814383005177,19.51319537973455],[-99.20591902877518,19.51433099969874],[-99.20467164967796,19.515135969750972]]]}},{"type":"Feature","properties":{"nombre":"Tlalpan","n":567,"price_median":1125.5,"price_mean":4323.99},"geometry":{"type":"Polygon","coordinates":[[[-99.21992542977476,19.31226363036417],[-99.21942081972689,19.311440540290015],[-99.21779546013245,19.30935290975896],[-99.21655919958285,19.308277049544646],[-99.21539465030732,19.30762109019851],[-99.21436674047173,19.307249370043664],[-99.21330447953325,19.307019310056152],[-99.2035907103044,19.30529182991854],[-99.20222934966613,19.30496068968057],[-99.20018447983733,19.304173539549694],[-99.19776151053281,19.302814855834946],[-99.1962860803606,19.302278170413203],[-99.19483522044028,19.302034420442414],[-99.19345113980013,19.302048419836513],[-99.18234903005525,19.30327954018135],[-99.17928753968947,19.303440350150847],[-99.17713259157719,19.303315632805486],[-99.16555995042945,19.30174602081546],[-99.16199940020839,19.301222819875846],[-99.16129584979916,19.301028950422232],[-99.16024424954117,19.30056601998591],[-99.15904611034209,19.299747320285793],[-99.15841827986057,19.299132910398342],[-99.15666453989178,19.296836830442317],[-99.15383418018293,19.297433629639194],[-99.15162094981854,19.29800641983442],[-99.14878659985021,19.30009265003498],[-99.14785668018926,19.300829170216613],[-99.14741007955998,19.301286420378453],[-99.14712798041415,19.300964080112667],[-99.14659002011386,19.30092582996452],[-99.14524521968457,19.30062128020781],[-99.1426162288417,19.299606350357095],[-99.13557603014158,19.307217060020825],[-99.13472471869677,19.308293980143812],[-99.12297413981682,19.303286951048065],[-99.11984953927033,19.30225897968102],[-99.1168077801408,19.30142024979788],[-99.10920742044958,19.299618259694252],[-99.1009292223955,19.30002041315258],[-99.1013637397962,19.295200060400777],[-99.1050220499435,19.293517140347046],[-99.10813711031413,19.29228113991373],[-99.12391017970778,19.285569120365157],[-99.12492521991642,19.285241179929436],[-99.13401339964929,19.282700940164872],[-99.13510704996223,19.282461449848217],[-99.13647242980434,19.28227629040958],[-99.13788542968382,19.282206459844062],[-99.13926742900006,19.282265449609753],[-99.14105595018236,19.282528600604614],[-99.14146013921167,19.279155080420423],[-99.14155785023159,19.277543969716344],[-99.14173044952456,19.276616980116412],[-99.14177252015632,19.27568694008943],[-99.14208791886631,19.27394463086185],[-99.14113867861042,19.273730089805206],[-99.14118813928211,19.273534550866884],[-99.1421392787302,19.270692950414453],[-99.14251785037519,19.270677570967568],[-99.14279607881053,19.270503660662346],[-99.14299976914229,19.27024525019277],[-99.14336773971927,19.269470510858007],[-99.14394619945126,19.269540539867073],[-99.14473057013761,19.26812994965415],[-99.14492142981241,19.267446830379367],[-99.14322336891053,19.267232220789378],[-99.14333103042986,19.26652198037748],[-99.14248750979024,19.26669263001241],[-99.14240313988743,19.2666248904414],[-99.14249891963009,19.26437695042359],[-99.14237405957702,19.264160259549747],[-99.14242365030223,19.26343654986092],[-99.14231655032226,19.263229950318948],[-99.14211018008403,19.261846969999866],[-99.14243433966404,19.26095633995722],[-99.14236667958387,19.26023446027862],[-99.14221039994115,19.25990651994225],[-99.14202231043498,19.259784680233906],[-99.14178885041287,19.259295460289316],[-99.14094429016342,19.25877195035559],[-99.1404542301842,19.25828854994401],[-99.14017288971168,19.257862420099585],[-99.14025029006827,19.257475569695323],[-99.14080080012837,19.25699968966569],[-99.14053637975238,19.25652568008674],[-99.1400090196874,19.256231980349444],[-99.13958694001025,19.255459219856288],[-99.13939466029781,19.25469327972203],[-99.13969238016725,19.253359420242756],[-99.13987785968882,19.253245800130884],[-99.14018968017453,19.252593450232688],[-99.14015616966786,19.251901030411872],[-99.14033513986543,19.251788279663984],[-99.14042167988174,19.251626460407113],[-99.14052074965956,19.251377450114564],[-99.14048395033852,19.251285050358586],[-99.14068975045672,19.251221250440036],[-99.1407989698735,19.250977119959522],[-99.14095155046756,19.25094740044581],[-99.1412546495357,19.25064766028211],[-99.14169108970852,19.249751090074465],[-99.14172563001638,19.248995200448714],[-99.1415631803301,19.2486909101402],[-99.14036375034068,19.247981340032563],[-99.14022883024533,19.2475814498996],[-99.1399889997023,19.24734935025858],[-99.13939587964344,19.246361319848898],[-99.13892150883451,19.24596633957137],[-99.14038409042519,19.243594720705268],[-99.1410957394929,19.24359242999174],[-99.14162146045908,19.243754650712532],[-99.14170879986527,19.243679831070324],[-99.14165612034503,19.24358122016342],[-99.14200542910311,19.2436443396804],[-99.1422362195456,19.2438693395432],[-99.1423314590809,19.244159030928355],[-99.1436657792946,19.244618630261947],[-99.14425539876977,19.244740260809813],[-99.14419182887748,19.244579800847557],[-99.14425139886151,19.24366074022938],[-99.14409573974405,19.24255724995076],[-99.14394430979688,19.24018975027494],[-99.14401148900214,19.239684489538078],[-99.1456047694138,19.23932508001067],[-99.14612032018775,19.23932897992172],[-99.14630801997413,19.239880120301034],[-99.14668319922623,19.240336780499124],[-99.14713674961448,19.24042053955238],[-99.14751983030621,19.24025922019269],[-99.14445253907093,19.23452486005375],[-99.14478217006716,19.23448002055587],[-99.14491977987629,19.23434074053468],[-99.1453982300981,19.234456201135416],[-99.14600055028046,19.234217649638115],[-99.14633094977107,19.23420126013999],[-99.14787674044847,19.23455724992422],[-99.14840247911233,19.234977649683678],[-99.14838809013195,19.235337919667042],[-99.14795571007767,19.23606745011193],[-99.1480160900689,19.236194779968034],[-99.1482341196386,19.236308460224823],[-99.14838985944188,19.235775340620588],[-99.14870709032559,19.235664980241438],[-99.14883817869126,19.23552288075748],[-99.1489410892634,19.235192659628357],[-99.14920205042552,19.23488780090534],[-99.14954156990427,19.234681149709544],[-99.14953633927456,19.234487711410434],[-99.14930665924969,19.2342684601188],[-99.1494650599911,19.234031880169713],[-99.14978146046018,19.234160980561775],[-99.15038693979224,19.234233549643996],[-99.15049213954244,19.23467112010861],[-99.15068317000666,19.23468885982103],[-99.15073708007547,19.234205970031592],[-99.15047679963503,19.233413829628734],[-99.15060161891672,19.233083170189854],[-99.15060363030997,19.232560659927156],[-99.15081665928162,19.232310139732828],[-99.1509013688611,19.231983980029664],[-99.15162491982421,19.231076519957618],[-99.15174007924715,19.230809750964895],[-99.1518603103088,19.230068319620873],[-99.15237527982296,19.22927666063889],[-99.15298425893411,19.226649910546403],[-99.15337848958794,19.225981829769555],[-99.15312336952178,19.225342430874154],[-99.15273733993783,19.22483770999615],[-99.15236632003496,19.224684620178984],[-99.15149554977829,19.224596779818587],[-99.15119047954713,19.22440551990287],[-99.1510743797137,19.224151080053836],[-99.15120223040164,19.22371700016139],[-99.15115021957845,19.22340797031123],[-99.15131472043205,19.22320793958095],[-99.15140832025736,19.223230419926736],[-99.15151177003588,19.22344022978028],[-99.15161989041403,19.223352620405716],[-99.15202288043156,19.222039460339754],[-99.15206379983474,19.22129586000306],[-99.15248051995444,19.22053383016922],[-99.15276705005367,19.220462109646512],[-99.15293442003785,19.22058087958456],[-99.15342425009891,19.221409859622742],[-99.15351936885655,19.221806250659817],[-99.15439486002072,19.2206392798359],[-99.14954365038372,19.21922407998206],[-99.13831586033339,19.215728249687352],[-99.13301433898191,19.21009502063929],[-99.13282147998302,19.209979341125198],[-99.13291568979353,19.209752370504578],[-99.1327730004322,19.209439059571068],[-99.13277014966476,19.20833482039565],[-99.13241976879736,19.20800020081598],[-99.13232025004297,19.207700090971557],[-99.13252239884112,19.207009169739166],[-99.13243119898178,19.206479051312172],[-99.13148511867043,19.205428199820034],[-99.1312136888772,19.204800111061218],[-99.13120688882267,19.20456548119209],[-99.13092417026581,19.204204600742937],[-99.13076565967125,19.20407774035221],[-99.1300833397524,19.203846320003777],[-99.13030239863429,19.20317555035515],[-99.12991745909517,19.203045551049012],[-99.12931314986676,19.203003120976927],[-99.1295390290886,19.201072089997133],[-99.12954002959312,19.20038211073587],[-99.12936018027978,19.200158379901254],[-99.12932067929134,19.199836250592956],[-99.12908949010188,19.199671460740923],[-99.12909287994317,19.199441180624937],[-99.12950983002462,19.198407660475915],[-99.12948031997215,19.198262339818175],[-99.12926961953873,19.19812687971607],[-99.12930894033455,19.1979375509116],[-99.12954108963281,19.197655290159563],[-99.12950591952115,19.197271000305086],[-99.13022322045224,19.196611420383977],[-99.1304506596701,19.196205480249127],[-99.12994356999154,19.195357080398104],[-99.13012338010131,19.194680230255894],[-99.13007826046689,19.194513739728],[-99.13049114994818,19.194012540068286],[-99.13047200029925,19.193662659983556],[-99.13061614029026,19.19316485042298],[-99.1307750003537,19.192940309811636],[-99.1306415496869,19.19269557955671],[-99.13059827975273,19.19229172035147],[-99.1306727198804,19.191314909993306],[-99.13000300039937,19.1907334299458],[-99.12993514035782,19.19029751016646],[-99.12934763039009,19.189811169856746],[-99.12872843014912,19.18914525036238],[-99.12816195038127,19.188810850192628],[-99.12756965955153,19.188291279803902],[-99.12712124987021,19.18756440042014],[-99.12707612019572,19.18726617985658],[-99.12748591038749,19.186407349844586],[-99.12837366045802,19.185609380396233],[-99.1289704598943,19.184651540350092],[-99.12942954032476,19.184547139879644],[-99.12968092022764,19.184223229787875],[-99.12997130961843,19.18411665041317],[-99.13010123034506,19.183933750196942],[-99.13019576972563,19.18370295005769],[-99.13033464980097,19.182552650336913],[-99.13049751991893,19.182309220075208],[-99.13080017988153,19.182102550133425],[-99.13104845019011,19.18180744988042],[-99.1314758800008,19.18062963025062],[-99.13186366005912,19.18005424985028],[-99.13224312045227,19.17875631019679],[-99.13239455015746,19.17853221977067],[-99.13229565967583,19.17746765044001],[-99.13250219994949,19.176669339751534],[-99.13224944961259,19.17621495030149],[-99.13206374008742,19.175120089600995],[-99.13138277958322,19.174037520205705],[-99.13091191990445,19.17360332039889],[-99.1299493997592,19.172360279835722],[-99.12995054983837,19.17224602006392],[-99.12999714952738,19.172137510272346],[-99.130461849909,19.17185528995087],[-99.13054317973838,19.171393649616228],[-99.13047793964972,19.170721520308987],[-99.13052083001536,19.17040211964067],[-99.13017421974791,19.168220480135055],[-99.1302175203238,19.166579429844887],[-99.13031476974702,19.165906060329316],[-99.1306414295316,19.164900419789493],[-99.13106845032306,19.164055490197306],[-99.1316503404501,19.163185549601433],[-99.13197635016574,19.16212663005228],[-99.13239866019325,19.161283769980148],[-99.13269488972445,19.160134429747476],[-99.13289483022203,19.157727519926205],[-99.13279529043707,19.15662368956164],[-99.13279534979502,19.15488078007716],[-99.13246784989106,19.153989650336143],[-99.13261154040644,19.153381629773268],[-99.13250884983118,19.15302635021981],[-99.1321415698386,19.15292140022466],[-99.13165814989695,19.15263450988885],[-99.1310507401426,19.152668680453765],[-99.13024432024461,19.152544169968145],[-99.13240604952753,19.148611290074264],[-99.13853226040202,19.151338350323368],[-99.13942615006377,19.151647219842964],[-99.14040431955318,19.15221325976514],[-99.14069556968872,19.152496689596486],[-99.14113294997208,19.153514550270124],[-99.14228364963962,19.155136380413484],[-99.14344581994175,19.157538850347606],[-99.14449414969802,19.1586654495922],[-99.14680388981405,19.1599446895534],[-99.14820007979817,19.160235030086113],[-99.14960841992792,19.16031288018995],[-99.15195691032051,19.150767429667884],[-99.15249958000496,19.14211808028172],[-99.15500931986796,19.135309709762897],[-99.1632928502348,19.117490570367682],[-99.15474753981216,19.108836550127624],[-99.14681086011981,19.100583090102255],[-99.1364814924035,19.08937799292126],[-99.22677778040443,19.096060003504746],[-99.27869521923323,19.131701722554144],[-99.28760525047147,19.14660056957517],[-99.29311505994718,19.165299080037446],[-99.29559684983239,19.1728828000945],[-99.3001831198747,19.184578510426523],[-99.30133143000053,19.188417420024248],[-99.3027626503359,19.190855089999893],[-99.30391557017379,19.197179180307767],[-99.30396509041685,19.1982635500357],[-99.30444482983884,19.200522030356872],[-99.30468651037985,19.20264535010924],[-99.30613062980422,19.20614374035044],[-99.30713553981076,19.213728459670694],[-99.30813313991239,19.21436890996409],[-99.31624974975811,19.221501679820495],[-99.31555553975953,19.227395350346768],[-99.31505655010902,19.226897819895726],[-99.31401111043962,19.226476309750986],[-99.31297365992899,19.225804539830587],[-99.31265551028615,19.225957599929828],[-99.31227605020308,19.226020110322274],[-99.31143953979732,19.22573679999697],[-99.31083356989912,19.22516970971689],[-99.3104966003913,19.225213350390394],[-99.30999125014306,19.224798049988202],[-99.30962469012857,19.224748820320176],[-99.30862545020152,19.223609650107324],[-99.30805543028855,19.223432380264825],[-99.30779072036832,19.223195280421063],[-99.30649162039266,19.22240968028784],[-99.30604790973746,19.222364119679913],[-99.30570443001233,19.222236180191693],[-99.30343636960097,19.220091079605947],[-99.30309336963336,19.219588429904668],[-99.30245612035608,19.218968739734144],[-99.30142788029228,19.218220780044916],[-99.30097454988262,19.21819859982355],[-99.30026690990142,19.217742399869998],[-99.29922481976418,19.21770957967666],[-99.29814437037645,19.218081420026802],[-99.29779922981929,19.21812185964493],[-99.29735845992947,19.21791836960807],[-99.29670582033079,19.217763350292774],[-99.29642588018244,19.217527829605842],[-99.29548777994209,19.21629762015937],[-99.29494498045567,19.215337090345393],[-99.29430812018755,19.215025569899304],[-99.29315135016675,19.213906659928888],[-99.29275428970931,19.21377374018418],[-99.29239357972331,19.213825820027832],[-99.29143794029288,19.214598279725315],[-99.2894295399817,19.213730950057002],[-99.28905672036133,19.213818050250026],[-99.28873482976284,19.213716569790062],[-99.28804825970509,19.213176980379743],[-99.28782356985867,19.213122259653872],[-99.28681722038374,19.213202279901665],[-99.28628233999594,19.213335289752834],[-99.28539376980413,19.213286029730742],[-99.28463709035859,19.213689690148232],[-99.2837090599751,19.213539510246697],[-99.28340095008389,19.213210450392808],[-99.28310022970595,19.213055629992677],[-99.28239358035273,19.213081459618767],[-99.28134008961719,19.213646829572774],[-99.28104609022589,19.213724690166636],[-99.28076012023094,19.213630940388242],[-99.28032080025963,19.21364955022964],[-99.27937214988252,19.21398877034083],[-99.27881490962818,19.214075520182064],[-99.27820972042737,19.21427865003157],[-99.27798205003953,19.214477710450492],[-99.27766308997795,19.214551110225756],[-99.27718880037784,19.214838400098895],[-99.2763589395738,19.21579491994076],[-99.27624171954214,19.216423080151323],[-99.27587765990687,19.216579629593735],[-99.27461599988139,19.21751827985963],[-99.27436474041441,19.218085520144882],[-99.27420672029535,19.218152399727355],[-99.2739834902095,19.21952789043845],[-99.27417331006018,19.22070163017559],[-99.27415659996988,19.221038890259543],[-99.27355168961942,19.221573119584548],[-99.27298927999135,19.22181171984114],[-99.2725541800411,19.222138510038356],[-99.2722535998411,19.22266042020431],[-99.27174780028565,19.223147049820767],[-99.27092361973352,19.223703340080082],[-99.27067822971294,19.224203019924065],[-99.27053291989886,19.224291919808977],[-99.26948692028924,19.2244887100207],[-99.26859279971113,19.225110180304153],[-99.26823774952625,19.22558881986993],[-99.26650391980967,19.226794109872554],[-99.26556866033268,19.227097030144378],[-99.26525836956705,19.227116690420292],[-99.26513710978648,19.22721934970031],[-99.26508347957198,19.227430779855755],[-99.26377252029654,19.228493850448146],[-99.26333141984678,19.228637459762016],[-99.26244935011583,19.22912610983476],[-99.26093103005694,19.229413030117943],[-99.25997258037042,19.22986060027111],[-99.25889681999816,19.230511630000713],[-99.25763857028733,19.2317938298556],[-99.25727102977932,19.23247063025341],[-99.25695262033099,19.232544880310318],[-99.25609705031712,19.232539939834616],[-99.25564908043978,19.23322169040157],[-99.25513649008103,19.233705310377385],[-99.2543777996225,19.23406745024651],[-99.25398436974065,19.23444205962664],[-99.25343251996857,19.23481162005804],[-99.25312935004717,19.235100280355805],[-99.25290911001476,19.235467429553317],[-99.25267565009987,19.236094280435076],[-99.25266193984233,19.236645579712352],[-99.25286882962253,19.23759014955834],[-99.25201828009821,19.238632029772603],[-99.25178516982017,19.239497919884673],[-99.2514723500387,19.240072139840375],[-99.25099360018568,19.240455909899005],[-99.25104191986622,19.240913879663992],[-99.25118273979092,19.241267339595435],[-99.25159892041039,19.24167204988542],[-99.25180127969705,19.242025079618244],[-99.25176854004013,19.242433169798275],[-99.25100959968313,19.2437743801135],[-99.250146430053,19.24468854967724],[-99.25020162995646,19.244913579841853],[-99.25047767967233,19.24520904960239],[-99.25035096997838,19.245693279973846],[-99.24982597029198,19.245741630215218],[-99.24964994973848,19.245940819559685],[-99.24959622961086,19.246331480300558],[-99.24890071017178,19.246739080109894],[-99.24860931999166,19.24684249028233],[-99.24800768964336,19.246733749965543],[-99.24760766020317,19.247467599606924],[-99.24765011977136,19.2478562801864],[-99.24758686005762,19.24830517983424],[-99.24738605989569,19.248852940369915],[-99.24683238047095,19.24917425972645],[-99.24656898012196,19.24943397028316],[-99.24594010976892,19.249658739658063],[-99.24528588970573,19.250272379642592],[-99.2451997503111,19.25046941968648],[-99.24521697022861,19.251296079897198],[-99.24476551036118,19.252326650287735],[-99.24478602964896,19.252446550225507],[-99.24458508029821,19.25273262992128],[-99.24480220025956,19.254390999847956],[-99.24524666040878,19.255252520371172],[-99.24503403027825,19.255960829992656],[-99.24481557970063,19.25635754003503],[-99.2452353804231,19.25680763038022],[-99.24539255036834,19.257174750416134],[-99.2453858302886,19.25734211015595],[-99.24528468036803,19.257517520174773],[-99.24445263004887,19.25816446011224],[-99.24389486029777,19.258862170121603],[-99.24388825019402,19.259200679662005],[-99.24405767955471,19.259461320162835],[-99.24432844953624,19.259416279841368],[-99.24509406013121,19.258946089641675],[-99.2457363203253,19.258941400457942],[-99.24597428034885,19.259039969974264],[-99.2468170295836,19.259721310260165],[-99.24723653984263,19.260277319643812],[-99.24684106000961,19.260537149700863],[-99.24629817951691,19.26074911042895],[-99.24594006042534,19.261200139587665],[-99.24565410987557,19.261719689898012],[-99.24552835027033,19.262933140360843],[-99.24563284998305,19.2633739799572],[-99.24699516974361,19.26449653985115],[-99.24709045986205,19.264749059697213],[-99.2469968602145,19.265595479652855],[-99.24637613979799,19.265824540036675],[-99.24597452024912,19.266373319666503],[-99.24596828895788,19.266840289843433],[-99.2460738598982,19.267174170319674],[-99.2459948200614,19.267528800104294],[-99.24527130963033,19.268185829670358],[-99.24487398030381,19.268656570374773],[-99.24374328986265,19.269351170035275],[-99.24346782955016,19.26978987964227],[-99.24382654018407,19.271788680911516],[-99.24408227889049,19.272333583057023],[-99.24430403016662,19.272455180367658],[-99.2446132195239,19.272902320152692],[-99.24362633960493,19.27491597956186],[-99.24345877005976,19.275649200165258],[-99.24382722033506,19.27594391955345],[-99.24397802029314,19.275881709572285],[-99.24445638023332,19.276214200106903],[-99.24476253973184,19.27632442029429],[-99.24488742014742,19.276209420405035],[-99.2452801801382,19.276616319726813],[-99.24536778034751,19.276963949734323],[-99.24525902971129,19.277590489716236],[-99.2447981993223,19.279126849603756],[-99.24491292031564,19.2801373103424],[-99.2441752190005,19.280331490874488],[-99.24336131829159,19.281076910630084],[-99.24331748009548,19.281438910280382],[-99.24364365176693,19.28195098026849],[-99.24354618156788,19.282190869905456],[-99.24214883028111,19.28282313970586],[-99.24195697005204,19.283008569786226],[-99.24201571984968,19.283269679570175],[-99.24233357013256,19.28335007962656],[-99.24285390958194,19.283766950348554],[-99.24296761985335,19.284139449719728],[-99.24285156957349,19.284284619797948],[-99.24265634988679,19.284339280320417],[-99.24193510893689,19.285464980072845],[-99.24151481991798,19.286449290322103],[-99.24094274988947,19.28682114004255],[-99.24080638034037,19.286992421048378],[-99.24082774953347,19.287309350362143],[-99.24102077883414,19.287559510378358],[-99.24101412036845,19.287989659779814],[-99.24107577928476,19.28807254983783],[-99.24179148918643,19.28881987964038],[-99.24237408918894,19.28923451008738],[-99.24271608989419,19.289275370237384],[-99.24276159964995,19.28936005960247],[-99.24299670892431,19.29143731958778],[-99.24266464941215,19.29227280027588],[-99.24225214866244,19.292904219535885],[-99.2415495804224,19.292863340079172],[-99.24192148971032,19.293144149599776],[-99.24154184954624,19.293661510909455],[-99.24147851044104,19.2939317712019],[-99.24138461969152,19.294018490699717],[-99.2406808592831,19.294200120358624],[-99.24037377029603,19.294050549563103],[-99.23938224864388,19.294491711011446],[-99.2386936490219,19.294699050211538],[-99.23721692000007,19.294258720871415],[-99.23672117911906,19.294399819594428],[-99.23596852023235,19.29445636967692],[-99.23586968912808,19.294625310648765],[-99.23614323032163,19.294899710326963],[-99.2360970788467,19.295108111255185],[-99.23580426021333,19.29514307995923],[-99.23547386042472,19.294995770511235],[-99.23490395007045,19.29539212085054],[-99.23476448916382,19.295593030835036],[-99.23445003028789,19.295690419940723],[-99.23399002869735,19.29616418026298],[-99.23330119944866,19.296595179586063],[-99.23263113909861,19.29749955042083],[-99.23248291017259,19.297876541115137],[-99.23272285006031,19.29852740097963],[-99.23284786035498,19.299583520607207],[-99.23271008934381,19.299889480097857],[-99.23306497957955,19.300098080229237],[-99.23337105923513,19.3000778306473],[-99.23339710970535,19.300816230592915],[-99.233263519196,19.300786569561705],[-99.2329380186128,19.300923170576855],[-99.23222881896895,19.301468510698424],[-99.23297390970164,19.301810119971393],[-99.23264607915989,19.3024815195934],[-99.23254747981154,19.303000449712375],[-99.23233737027402,19.302982740850858],[-99.23224831034663,19.30378877982805],[-99.23204221856092,19.30388103129292],[-99.2319045992726,19.30504232108323],[-99.23119706016195,19.305449139694726],[-99.23016499990325,19.305864050853256],[-99.22936221988388,19.306478889704795],[-99.22866705012812,19.306548779586393],[-99.22774702998471,19.306963220085105],[-99.2275922204039,19.307192290286117],[-99.22774658044554,19.307783079748923],[-99.22761342959986,19.30806147993826],[-99.22517073985094,19.30995725017961],[-99.22493341907338,19.310597781274623],[-99.22392893864176,19.310896570759855],[-99.22070782926352,19.311129820408368],[-99.2204717992925,19.311322680119726],[-99.21992542977476,19.31226363036417]]]}},{"type":"Feature","properties":{"nombre":"Cuajimalpa de Morelos","n":182,"price_median":2746.39,"price_mean":3815.91},"geometry":{"type":"Polygon","coordinates":[[[-99.25769774015147,19.404848030089862],[-99.25777870951539,19.40428475011003],[-99.25800536914667,19.403964400340982],[-99.25824252028251,19.40308976986025],[-99.25826853871315,19.402684219745467],[-99.2569793501384,19.400431691154214],[-99.25667284877301,19.40071994116741],[-99.25601347988938,19.402535749633042],[-99.25603810865775,19.403561490248507],[-99.25580791006878,19.4035724196443],[-99.25556906014387,19.403095431071755],[-99.25537631871723,19.402575909767382],[-99.25540428989557,19.402010430253043],[-99.25522788863164,19.40151304962403],[-99.25540497994443,19.40036307973091],[-99.25520685862226,19.399139891252158],[-99.2552506503781,19.398675779586796],[-99.25568354907696,19.397262710718035],[-99.2563542892451,19.396513860594055],[-99.2584433993567,19.395052020318747],[-99.25948994001129,19.394467889930002],[-99.25962639899534,19.394313001115247],[-99.25957539971523,19.393710749678633],[-99.25925151960028,19.392599370782506],[-99.25879443026487,19.392425999689753],[-99.25837581958909,19.392705520206917],[-99.25667223035462,19.392865249738033],[-99.2559604902529,19.393401820363387],[-99.25483967958297,19.3937074002427],[-99.25444228010583,19.39398074985842],[-99.25435774990412,19.394146519640987],[-99.25492823038421,19.394963459839044],[-99.25490648962958,19.39515885961875],[-99.25475425009961,19.39521675016114],[-99.25430133961586,19.394987979845475],[-99.25392655043039,19.394681550031628],[-99.25288466035032,19.393572220089222],[-99.25255668042442,19.393524879836423],[-99.25147590954037,19.39346082016175],[-99.25062545965625,19.393695319917494],[-99.249863460449,19.393630619676458],[-99.249251619832,19.393426379904565],[-99.24890327943827,19.39353524975123],[-99.24799077023545,19.394272309832274],[-99.24764622007893,19.394306749624256],[-99.24703580032269,19.394181909731817],[-99.24685828953427,19.39397693972112],[-99.24673614018518,19.393543429949467],[-99.2469541394159,19.39266071015422],[-99.24781261967392,19.391862180191154],[-99.24852708999244,19.39040936957924],[-99.24833069043875,19.387685110158568],[-99.2479913499854,19.38677637998675],[-99.2476878799959,19.386319120002245],[-99.2476526204079,19.385957019905877],[-99.25032501919263,19.383833940143752],[-99.25690916989487,19.379613059674043],[-99.26059685907383,19.376353219933407],[-99.2613534898584,19.375840659975548],[-99.26325705938913,19.374956380336513],[-99.26649017015009,19.374411980293747],[-99.26686862018296,19.374166690428517],[-99.26725644923508,19.37359366091655],[-99.26757710919858,19.37337232047801],[-99.26782848013626,19.37335292087632],[-99.26869482954297,19.37356534056009],[-99.26952388031933,19.373441121297837],[-99.26997725990446,19.373137970760823],[-99.27016101902713,19.372629140856887],[-99.27008374046791,19.37220387955582],[-99.26977801968025,19.37144435074967],[-99.26837995036615,19.371808830748687],[-99.26822780002695,19.370953850819507],[-99.26827490986904,19.370420430228247],[-99.26863238045482,19.369607820966216],[-99.26910864916026,19.36906385107954],[-99.26843377901437,19.368713169643573],[-99.26791551953252,19.36878750966688],[-99.26719719873682,19.369346081106045],[-99.26639534040311,19.370720831228887],[-99.26618022010759,19.37150006115823],[-99.26607353941587,19.371625320198564],[-99.26549194871919,19.372037169843374],[-99.2650749491973,19.37174565057512],[-99.26580440020413,19.370205290132],[-99.26672310905066,19.36780871083929],[-99.2667890489204,19.367027711148857],[-99.26645289011618,19.364690079811588],[-99.26657758038839,19.363960920348866],[-99.26683310878708,19.363545280742137],[-99.26510477982647,19.362842449566287],[-99.26282668041269,19.36213105018713],[-99.26199564955954,19.3616678000235],[-99.26125985031483,19.361044400094563],[-99.26104705990005,19.360543139902948],[-99.26031362006441,19.35697522097429],[-99.25984148982437,19.35420722992026],[-99.25924858040995,19.351774549917614],[-99.25926893867945,19.350927920246377],[-99.25938602028127,19.35050963020526],[-99.25933077954113,19.35017467996324],[-99.25908713959357,19.349966279888108],[-99.25835089017002,19.350067220842153],[-99.25820739979864,19.349893571313544],[-99.25822588006254,19.34971017045273],[-99.2592275797386,19.34906094028215],[-99.25979832019362,19.34833285988645],[-99.26057023019814,19.348209449987802],[-99.26113190985565,19.347829940119325],[-99.26107344982124,19.34775174044892],[-99.26095679957504,19.34776548037824],[-99.260570769891,19.348012260373704],[-99.26032813922977,19.348066029802293],[-99.25967187954433,19.34797425964155],[-99.25907095031303,19.348219150270292],[-99.25897431967478,19.34817299966772],[-99.25899750901227,19.348059170694814],[-99.26020267968038,19.347532860063716],[-99.26057311973739,19.347523829681982],[-99.26087411881245,19.347192370112257],[-99.26119333989003,19.347178090276273],[-99.2613908800274,19.34703908017891],[-99.26170114964324,19.34703916975753],[-99.26196237039422,19.34694534991234],[-99.26224313953246,19.34670266034046],[-99.26251111959682,19.346686020280824],[-99.26289268000836,19.34688851976482],[-99.2630609204463,19.34684128982373],[-99.26319537041,19.346725780078952],[-99.2634307495215,19.34615175015115],[-99.26414585993679,19.34595958006947],[-99.26424192039323,19.345309570121362],[-99.26437670963213,19.345231199821065],[-99.26470882012688,19.345305460421685],[-99.26484348046961,19.345207030268195],[-99.26488167990718,19.344803460119852],[-99.26497685963209,19.344676800062906],[-99.26556258007041,19.344497180047814],[-99.2657609102725,19.34414083031238],[-99.2658747695558,19.34407985013863],[-99.26677552030897,19.344074740034955],[-99.26764485970442,19.342717249998913],[-99.268416969734,19.341889739567293],[-99.26872689023453,19.34184977974737],[-99.26934929010835,19.34203873975819],[-99.2694876895794,19.34201468038124],[-99.26998052030906,19.341581319657873],[-99.27069637046927,19.341166090005547],[-99.2723288602712,19.340519570261733],[-99.27421422970541,19.339550570114582],[-99.27731995010646,19.338310479807873],[-99.27849816982884,19.337733819873424],[-99.27920782044926,19.337604489884825],[-99.27964788967905,19.3376291202855],[-99.28031393973927,19.337351549809885],[-99.28115625013737,19.337434079988842],[-99.28115985971544,19.337212259786966],[-99.2810587804127,19.33700651027143],[-99.28021723039025,19.336528140011286],[-99.28005423022833,19.33624795016151],[-99.28006197016782,19.33545449016277],[-99.2802106496666,19.3352320195688],[-99.2804977803599,19.33517576965931],[-99.28183706003944,19.335553690365455],[-99.28238250973894,19.33580027968031],[-99.28329956991087,19.336414879887027],[-99.28381497960662,19.336603719851816],[-99.28447774016462,19.336664711289522],[-99.28495154954346,19.3364720500065],[-99.2851205501007,19.336268350172034],[-99.28628899967285,19.333584600633785],[-99.28749770881869,19.331149260445876],[-99.28751630865501,19.330820800474978],[-99.28741253863303,19.330547660490943],[-99.28669856933729,19.329770829761845],[-99.28691005003091,19.32977553961607],[-99.28787568004188,19.330223349868007],[-99.28832270867686,19.330669770219888],[-99.28837061954407,19.331322290575994],[-99.28765772030312,19.333063350450274],[-99.28772962860987,19.333366449911992],[-99.28795991020878,19.33347812032989],[-99.28832321920709,19.333304049749742],[-99.28945628889419,19.33209962123493],[-99.28973662859704,19.33170503131405],[-99.29014771916995,19.330792950173834],[-99.29126433927665,19.32915725961782],[-99.29138941969288,19.328675630895923],[-99.29135951946547,19.32844734083302],[-99.29079895019488,19.327059681160172],[-99.29078244937949,19.326648880567472],[-99.29165406000749,19.325034950175834],[-99.2917523098895,19.324662910747076],[-99.29174124928207,19.324207940673215],[-99.29153139992317,19.32299364969446],[-99.291425419194,19.32274037962771],[-99.29116328018868,19.322524679647266],[-99.2906705401482,19.322315520366246],[-99.29043683028472,19.322010580396224],[-99.29045137957904,19.321662141294038],[-99.29057247994102,19.321454820237825],[-99.29101651047228,19.32125393958891],[-99.2923898486203,19.320978110351234],[-99.29280594945592,19.32079218132094],[-99.29314347968692,19.320531050395342],[-99.29343833961208,19.320168230491582],[-99.29356377973568,19.319880000186977],[-99.29375954036692,19.31883149055956],[-99.29437650999915,19.31741591050036],[-99.29457576860312,19.317005690621382],[-99.29484628984581,19.31691877061016],[-99.2949934202336,19.317016751198114],[-99.29526757014695,19.317449679709206],[-99.29546754912145,19.317563710084432],[-99.29612481924046,19.317198379553236],[-99.29646135011166,19.317229401213762],[-99.29655437034228,19.317380649932108],[-99.29640143017177,19.318111480375986],[-99.29673968973076,19.31863406106588],[-99.2970984799585,19.318850570188633],[-99.29770939862573,19.31898743126491],[-99.29815910868727,19.319185460879403],[-99.29840425021949,19.319440230001405],[-99.29869182932934,19.31993951006008],[-99.29884887980054,19.32067735061591],[-99.2990784599015,19.32118742108828],[-99.29961491889111,19.3215071100847],[-99.2998082002689,19.32189732011198],[-99.3001678200611,19.322300979862487],[-99.30034529001263,19.322339149974223],[-99.30052944997976,19.322254079719002],[-99.30057164960918,19.32203014978449],[-99.30049992031385,19.32147946045484],[-99.30062909047098,19.32091866029649],[-99.3005972204766,19.320449199708648],[-99.30066842978121,19.320213019602992],[-99.30105437977082,19.319660340188396],[-99.3012495198453,19.31871622014474],[-99.30134359969784,19.318619289739335],[-99.30169046037565,19.31859480003736],[-99.30180542987566,19.318304649771804],[-99.30125882017983,19.317712649898773],[-99.30113799989837,19.316907350350323],[-99.30073442956798,19.316074460021504],[-99.30043805965502,19.315083050092397],[-99.30010276994354,19.314356650182397],[-99.30003684974483,19.31397282023898],[-99.30007598029216,19.313546920340183],[-99.30049017966552,19.31245311039881],[-99.30109009009168,19.312207250130726],[-99.30126622964976,19.311356310049504],[-99.30129002008175,19.309509479942154],[-99.3014552896828,19.309438119924714],[-99.30171211024741,19.30951183014242],[-99.30276708972991,19.310782859804558],[-99.30312123045914,19.31112308998599],[-99.30330177976874,19.311144050288235],[-99.30345240034003,19.31101718028632],[-99.3042908503308,19.309421119952212],[-99.30502868013888,19.309063519887403],[-99.30590771021132,19.307247150045548],[-99.3061335199805,19.30716935031323],[-99.3063728503223,19.307239379995764],[-99.3070200904488,19.30796832019497],[-99.30735901990039,19.307871169994602],[-99.30739137022181,19.306888520117443],[-99.3078466198221,19.305747349944063],[-99.30816334953938,19.3054378003667],[-99.30879197992246,19.305096150316707],[-99.30912397995868,19.30514150986946],[-99.30941935022393,19.30545669043751],[-99.30933222026586,19.306187449839133],[-99.30942185982869,19.30677902987086],[-99.30950687999028,19.30695787997378],[-99.31015382998275,19.307578520118255],[-99.31041699992176,19.307456030164957],[-99.31074874963787,19.306760630335496],[-99.31133194043241,19.306903579999364],[-99.31157185962023,19.306805140080222],[-99.31193103032216,19.306396169649627],[-99.31222881959886,19.305550919632267],[-99.3122808602887,19.3052296303874],[-99.3119727203711,19.30433935025497],[-99.31209509005487,19.304168820116008],[-99.3128767201125,19.30417837002746],[-99.31309512004492,19.304088679918706],[-99.31360437009916,19.303592549614887],[-99.3138846504142,19.30306846021662],[-99.31387214986103,19.30194339988286],[-99.31398887953259,19.30144058010795],[-99.31441020015369,19.301378910134392],[-99.31469069018496,19.301452719620837],[-99.31514315012456,19.301286080021587],[-99.31577474981945,19.300532769998675],[-99.31640807982681,19.30005442972571],[-99.31639996988606,19.29987556988794],[-99.31594702953488,19.299376079714328],[-99.3158933499434,19.299173510204277],[-99.31623331959635,19.29834082975941],[-99.31623368998473,19.298113429982166],[-99.31646402954402,19.297418690232984],[-99.31677180008114,19.297016399925422],[-99.31716016962605,19.295816490313516],[-99.31715411001849,19.295086489813272],[-99.31695475007362,19.294647260028455],[-99.31710905007309,19.294252309928645],[-99.31702446029553,19.293969680104162],[-99.3171226897353,19.29340393967236],[-99.31704475024563,19.292606490103385],[-99.31668105029505,19.29171446010788],[-99.31655752039809,19.290877740204234],[-99.31573506024233,19.289903059951108],[-99.31604030976261,19.28869882020882],[-99.31619814981414,19.287699250239903],[-99.31658005984892,19.28718211030073],[-99.31667386011374,19.286136380165],[-99.31624959967223,19.284396290199485],[-99.31581734974219,19.283710049716497],[-99.31572929021165,19.28219932022806],[-99.31613130956168,19.2807846496571],[-99.31627149019786,19.279768020285214],[-99.31670159977878,19.279305090371516],[-99.31692114036356,19.27824653972478],[-99.31684856998396,19.27766051040282],[-99.31715527978423,19.277046249947624],[-99.31711876969565,19.276171309582452],[-99.31738357953091,19.274870709886365],[-99.31878457004382,19.273224940365623],[-99.32364317020604,19.26508665956602],[-99.32351965996145,19.250742880133018],[-99.32422826008319,19.238337879979177],[-99.3243559399859,19.2343070002537],[-99.3243202903122,19.232609800188236],[-99.32671960041735,19.23256557017853],[-99.33082148004192,19.237935289963907],[-99.34234097007712,19.241122399590772],[-99.34206867955467,19.24753919966367],[-99.34131687964265,19.25214947972867],[-99.33985723015358,19.259652910198554],[-99.33762984982492,19.264039969979798],[-99.33915988957128,19.267697149780187],[-99.34093897996274,19.267797799730655],[-99.34155199979531,19.268094319673075],[-99.34305965997069,19.2685476599222],[-99.3434912000813,19.268872260216163],[-99.34468660009651,19.269475230002666],[-99.3458457099277,19.270806750278933],[-99.34615114009856,19.27130785963298],[-99.34629681964411,19.272022119851517],[-99.34751250959692,19.273026719858304],[-99.34821370987156,19.273960950073423],[-99.36192190993584,19.275741860393765],[-99.36492420018583,19.27776925022221],[-99.3535813495451,19.291934309692984],[-99.35453603024989,19.293288019855265],[-99.35347160042501,19.293383920419846],[-99.35241382015944,19.293994139782487],[-99.35195427978287,19.29414045032251],[-99.35149208980421,19.294152379885173],[-99.35125586037266,19.294966149682626],[-99.35292381961557,19.2960473997974],[-99.35349777991101,19.2974018498436],[-99.34998526044093,19.296837179867843],[-99.35627424999733,19.30201452036766],[-99.35660784976247,19.306675799885358],[-99.3338420797183,19.330590399707518],[-99.33279482985849,19.332415659933663],[-99.33230695009509,19.333518109763588],[-99.3319149498523,19.334954250289655],[-99.33164334010674,19.336632150394287],[-99.33168823029692,19.337793540042608],[-99.33146479970594,19.33842657985982],[-99.33119036993814,19.33879221985105],[-99.3311519500072,19.339775629845956],[-99.33066636958364,19.340063220412905],[-99.33033048948741,19.34098723043262],[-99.32972743011155,19.341622459764483],[-99.32893722960135,19.34361562024732],[-99.32875428007047,19.34385688027707],[-99.32870689037017,19.344250950436493],[-99.3282722595682,19.345202430204957],[-99.32888131979763,19.34562435003424],[-99.32879824999713,19.346038449684066],[-99.32844728964615,19.34681922991693],[-99.32853104998773,19.347608830280656],[-99.32869654001462,19.347896629996136],[-99.32832688004773,19.34948734031594],[-99.32885154858761,19.350356219980977],[-99.32864611022929,19.351381540008813],[-99.32882422988952,19.352104649654876],[-99.32848442041539,19.35309237988482],[-99.32770464959704,19.353636340369547],[-99.32766804971342,19.354043379584464],[-99.32743134000566,19.354133681181622],[-99.32639199930809,19.353671630684914],[-99.32584664918966,19.35459305109889],[-99.32571208022682,19.355001170666082],[-99.32530083014449,19.35553445972726],[-99.32505467875318,19.355720349808063],[-99.32503857942997,19.356025119691864],[-99.32467633980824,19.356415970094805],[-99.32376351014692,19.357952580775],[-99.32328581911723,19.358337659799343],[-99.32221908988811,19.35866091097662],[-99.32155502863256,19.358508521988718],[-99.32075227930781,19.358198710901284],[-99.32010827959519,19.35771504978954],[-99.31915221933966,19.35762814955084],[-99.31813401867646,19.358156419784134],[-99.32069895008108,19.360443799595533],[-99.3195427796875,19.363618050012665],[-99.31811824926581,19.364156461048985],[-99.3180494895821,19.364820889961162],[-99.31760763022935,19.365729520198283],[-99.31686154988931,19.366306520067333],[-99.31538974988085,19.365888349769364],[-99.31452837971008,19.367240569577447],[-99.31406359968591,19.36839279971164],[-99.3138084496563,19.36930111035678],[-99.31308764957134,19.370448739892225],[-99.31070688999404,19.370407659901183],[-99.30928074898667,19.371584831235992],[-99.3077648594807,19.371561169636813],[-99.30612691969783,19.373599940280137],[-99.3050052603439,19.376833430175026],[-99.30348343015424,19.377830030016643],[-99.30130905004798,19.37708382989338],[-99.30193844962255,19.375756920287557],[-99.30155717012444,19.374924340104375],[-99.30115039987672,19.372233090160332],[-99.30096314025356,19.371769249993946],[-99.30088665971188,19.37061807986866],[-99.30099621961105,19.370101680166748],[-99.30123156990736,19.369700450078234],[-99.2990197795853,19.367515259765643],[-99.29843844901194,19.36887977112102],[-99.29816650978391,19.369186650963744],[-99.29791713913698,19.369324949694466],[-99.29747256914786,19.369414000320106],[-99.29558729020059,19.369077290497003],[-99.29477134032251,19.369864680434986],[-99.29388936983973,19.37014724968282],[-99.29341570990654,19.37120677965223],[-99.29323322036238,19.371917369929463],[-99.29205519974765,19.373283599641447],[-99.29164324986435,19.37349137986811],[-99.29117572011798,19.373487199947178],[-99.29106962980602,19.374020919776065],[-99.29076927994109,19.374317290263296],[-99.29061394013316,19.375022539776037],[-99.28971536954973,19.374996630209623],[-99.28957220043391,19.375189849745343],[-99.28864450992647,19.375114620894465],[-99.28805248020916,19.375789569704448],[-99.28766791999475,19.376682170260434],[-99.28639616955472,19.37643354961763],[-99.28569702965085,19.37643911044491],[-99.28566863030129,19.377631110408586],[-99.28507189026094,19.37799918125812],[-99.28511085905397,19.37886905093327],[-99.28504401973099,19.379050859594045],[-99.28484571047518,19.379111379848013],[-99.28456871001416,19.379688280839115],[-99.28446051931266,19.379760940998956],[-99.28423120009795,19.379791509654478],[-99.28381128910931,19.379667970068958],[-99.28377110972987,19.379977949689255],[-99.28329782995331,19.380440280310594],[-99.28283047968114,19.381404001229402],[-99.28177287894825,19.381476139875986],[-99.28003511329993,19.38226821865587],[-99.27912108897851,19.383228790330058],[-99.27604301890263,19.385582219563677],[-99.27606936880524,19.38519212087611],[-99.27368511021254,19.38703672014804],[-99.27360281963735,19.387239940625157],[-99.27321496924381,19.38758686083942],[-99.27277575005024,19.389379939947556],[-99.27243249023837,19.389678420198152],[-99.27183708936566,19.389736221292956],[-99.27022368029692,19.390111549825264],[-99.26956951944236,19.39038382029293],[-99.26953808969989,19.39063178076502],[-99.2696187086914,19.391006650740692],[-99.2694774491032,19.391362310680513],[-99.26831204986053,19.392134860352797],[-99.26815929340214,19.392449088125748],[-99.26735861637894,19.392330877829533],[-99.26710368639003,19.39207100093177],[-99.26598956882061,19.39273813704388],[-99.26600031423747,19.393195318676984],[-99.26510968608319,19.39319481606838],[-99.26510210143408,19.39372718184494],[-99.26469642472973,19.393800869929738],[-99.26450459700838,19.394182692124836],[-99.26171793286882,19.395988936026445],[-99.26171852317319,19.396461474360496],[-99.26157667650783,19.396686790788056],[-99.26155529789486,19.3970104749882],[-99.261385551089,19.397038202318075],[-99.26127152966669,19.397403706094693],[-99.26141363948607,19.397852718384353],[-99.26145576931906,19.398504509318997],[-99.26114022005962,19.399647290791638],[-99.26090927997906,19.39995823077857],[-99.25987050984692,19.400540060513023],[-99.25907417033929,19.401462780825593],[-99.2592257787829,19.401765030975714],[-99.25882539973621,19.403748909965884],[-99.25867904935153,19.40406045001466],[-99.25813004977523,19.40476348110761],[-99.25769774015147,19.404848030089862]]]}},{"type":"Feature","properties":{"nombre":"Miguel Hidalgo","n":2506,"price_median":1940.05,"price_mean":2797.92},"geometry":{"type":"Polygon","coordinates":[[[-99.20084345551608,19.473352360465267],[-99.19514739987054,19.47168605037618],[-99.19141051987847,19.470767540287945],[-99.19044424553253,19.470458995554534],[-99.19073111043981,19.464671450323614],[-99.18800023014667,19.46381462004999],[-99.18848325024648,19.460777260007884],[-99.18538771981179,19.46001405010858],[-99.16371277008282,19.456434770330294],[-99.16419983010712,19.452682430265263],[-99.16433062041332,19.449984681208715],[-99.16578098019156,19.443648680954094],[-99.16641462350059,19.442524180370512],[-99.16848654985532,19.438152020092517],[-99.17220909009515,19.43240252030105],[-99.17378256953214,19.429545249814414],[-99.17763621962222,19.423595690124575],[-99.17621988017011,19.423357969643412],[-99.17567814002237,19.423338459831644],[-99.17509611982062,19.423159289946177],[-99.17505501976859,19.423042800343183],[-99.17529054994654,19.42269442959624],[-99.17550758001745,19.422721749629144],[-99.17566136955173,19.422596150304194],[-99.17627345989791,19.421458220122577],[-99.1763326203037,19.421040489706357],[-99.17654908992266,19.420453860410312],[-99.17674471995811,19.420226290047676],[-99.17714828005785,19.420026950080015],[-99.17749374013206,19.419468519794496],[-99.17776610955393,19.419285819714364],[-99.1781004301451,19.41852415013393],[-99.18050192019422,19.41414486034806],[-99.18214925961928,19.411487399828292],[-99.18293893999262,19.410377060351486],[-99.18430391009299,19.407826979656505],[-99.17261450968286,19.40393051041138],[-99.17107853966517,19.403497169936628],[-99.17076637016741,19.401797879897792],[-99.17037430972246,19.40033178035618],[-99.17043551969839,19.39978979970883],[-99.17451875019076,19.398539780717698],[-99.17553236971206,19.398094110077214],[-99.17890317027476,19.39736902973709],[-99.1795116002292,19.39740034968515],[-99.1809575499446,19.397095921190864],[-99.18210124991774,19.3969613999321],[-99.18246328974055,19.396761339844623],[-99.18409705979367,19.396157420031003],[-99.18520829000062,19.395963519607704],[-99.1863760202007,19.395648600499815],[-99.18759816967221,19.39569230975619],[-99.1890551697139,19.395590339640556],[-99.19061402990683,19.399322230877157],[-99.19128184987356,19.40026468983283],[-99.19188785031622,19.400727171077836],[-99.19222474026253,19.401131689599495],[-99.1923446188445,19.401653279697197],[-99.19218570859769,19.403238031209895],[-99.19220139919751,19.403743030768272],[-99.19761364892504,19.403091200775076],[-99.1983064293671,19.40293365047993],[-99.20099599983574,19.401842999859344],[-99.20190161934073,19.401556180091653],[-99.20784521947918,19.40085392093971],[-99.21051002016348,19.400424711123744],[-99.2126740894081,19.39976488103603],[-99.21386618006562,19.39911769089286],[-99.21485610876452,19.39870571006336],[-99.22357876891522,19.395852720762214],[-99.22499053867585,19.39563274024583],[-99.22734514027546,19.39579585000393],[-99.22998128007032,19.395256310957762],[-99.23106687950867,19.394898631143086],[-99.23257682022182,19.394903510767513],[-99.23603951961941,19.393562461176764],[-99.23738285974801,19.393598720845166],[-99.23784260045721,19.393491260229204],[-99.23880750947063,19.392824249971255],[-99.2389212604635,19.39267441977897],[-99.23903331974384,19.392286320634973],[-99.23902176933406,19.390727941086062],[-99.2395158298398,19.389379740026154],[-99.23992905039049,19.38886405986556],[-99.24138635024245,19.38798175030043],[-99.24210905046765,19.387354620444206],[-99.24267897024295,19.38703517957472],[-99.24319811978322,19.386918459852833],[-99.24364461959654,19.38698509002072],[-99.24475178039997,19.387343830279274],[-99.24547737030359,19.387394379720607],[-99.24623845873994,19.387085149840214],[-99.2476526204079,19.385957019905877],[-99.2476878799959,19.386319120002245],[-99.2479913499854,19.38677637998675],[-99.24833069043875,19.387685110158568],[-99.24852708999244,19.39040936957924],[-99.24781261967392,19.391862180191154],[-99.2469541394159,19.39266071015422],[-99.24673614018518,19.393543429949467],[-99.24685828953427,19.39397693972112],[-99.24703580032269,19.394181909731817],[-99.24764622007893,19.394306749624256],[-99.24799077023545,19.394272309832274],[-99.24890327943827,19.39353524975123],[-99.249251619832,19.393426379904565],[-99.249863460449,19.393630619676458],[-99.25062545965625,19.393695319917494],[-99.25147590954037,19.39346082016175],[-99.25255668042442,19.393524879836423],[-99.25288466035032,19.393572220089222],[-99.25392655043039,19.394681550031628],[-99.25430133961586,19.394987979845475],[-99.25475425009961,19.39521675016114],[-99.25490648962958,19.39515885961875],[-99.25492823038421,19.394963459839044],[-99.25435774990412,19.394146519640987],[-99.25444228010583,19.39398074985842],[-99.25483967958297,19.3937074002427],[-99.2559604902529,19.393401820363387],[-99.25667223035462,19.392865249738033],[-99.25837581958909,19.392705520206917],[-99.25879443026487,19.392425999689753],[-99.2592158800254,19.39256719997786],[-99.25957539971523,19.393710749678633],[-99.25962639899534,19.394313001115247],[-99.25948994001129,19.394467889930002],[-99.2584433993567,19.395052020318747],[-99.2563542892451,19.396513860594055],[-99.25568354907696,19.397262710718035],[-99.2552506503781,19.398675779586796],[-99.25520685862226,19.399139891252158],[-99.25540497994443,19.40036307973091],[-99.25522788863164,19.40151304962403],[-99.25540428989557,19.402010430253043],[-99.25537631871723,19.402575909767382],[-99.25580791006878,19.4035724196443],[-99.25485742001653,19.404554279588584],[-99.25434674959332,19.404863109868746],[-99.25333660033559,19.405094520226132],[-99.25283890988682,19.4057391204407],[-99.2522171203575,19.406043119712397],[-99.25094168037671,19.406416430307363],[-99.25007140043907,19.407232550143295],[-99.24941361993922,19.407519749736654],[-99.24831196961924,19.408648580258212],[-99.24661879959162,19.409078140220277],[-99.24422597026873,19.409941580251562],[-99.24370019956172,19.410526680381526],[-99.24336202015485,19.410719690104063],[-99.24301477983165,19.410803749858324],[-99.24233128980727,19.411301509641028],[-99.24083026018698,19.411918320237113],[-99.23991184987251,19.412193679875777],[-99.23840035038153,19.412007290750523],[-99.23761381882544,19.4122021798593],[-99.23730470980563,19.412359620208015],[-99.2369148901788,19.41270660079461],[-99.2364973694213,19.41359577084371],[-99.23544720003976,19.415435799876605],[-99.23462717021543,19.41597092007995],[-99.23450482875684,19.416396719981346],[-99.23425257947672,19.416688450268055],[-99.23389268900567,19.416767850047037],[-99.23361252039125,19.416584880679224],[-99.23336346017994,19.41779760004076],[-99.23323464948278,19.417838910199],[-99.23306016915753,19.418387660810083],[-99.23297404959342,19.419395030164043],[-99.2324664199265,19.41942052021701],[-99.23235681919711,19.419792750791384],[-99.23181711914266,19.419990480920973],[-99.23162621881642,19.420306170819835],[-99.23155911856911,19.420736880758856],[-99.23106065979302,19.420979490591534],[-99.2308434585954,19.421706890343412],[-99.2300982289427,19.42182570984708],[-99.22968285935853,19.422103199707067],[-99.22938353906412,19.422204539761225],[-99.22886893879365,19.4227292601622],[-99.22865224897991,19.423192550060893],[-99.22845679893004,19.423419109973732],[-99.22787522961582,19.4236038007904],[-99.2278324497781,19.42406231063141],[-99.22772897967613,19.424182979784987],[-99.22701716948657,19.42431958049558],[-99.22633073926305,19.425238220550497],[-99.22587050958357,19.426226291011062],[-99.22546287959737,19.426587320953416],[-99.22446754883225,19.42708004999923],[-99.22280364876292,19.42636752083072],[-99.2223282896339,19.426945620897335],[-99.22227442896568,19.427022969907156],[-99.22232027949259,19.427130141216967],[-99.22255202947466,19.427317090095194],[-99.22286857038763,19.428112201188732],[-99.22315266020816,19.42918332107226],[-99.22337833981855,19.429505060073495],[-99.226508379957,19.431072980855607],[-99.22681802869478,19.43133824957776],[-99.22687230938959,19.43158597972481],[-99.22680158014141,19.431891940180257],[-99.22641570870115,19.432764110000722],[-99.22615751964977,19.433719120726476],[-99.22617134932072,19.433965341049035],[-99.22639320045069,19.434209481104464],[-99.22720944867129,19.43465968967488],[-99.22743032039784,19.434944719964726],[-99.22750325035433,19.435230510018865],[-99.22728396983497,19.435867420080424],[-99.22804968648344,19.436197936153828],[-99.22816037141043,19.436045958177086],[-99.22869512892144,19.436711517186676],[-99.22854176867938,19.436809984225818],[-99.22962747903524,19.437374663953765],[-99.22058282039534,19.44367531955456],[-99.2201358301077,19.44381081974445],[-99.21868928975246,19.443973059901413],[-99.21813294974233,19.444111830875798],[-99.21830483003122,19.444299059609023],[-99.2192257801003,19.44477414001935],[-99.21953616953321,19.44501720033005],[-99.21997655047416,19.445556850011645],[-99.22014872020182,19.446116350332222],[-99.22011566036552,19.448998230377818],[-99.21995473989536,19.451549339868972],[-99.21997277961506,19.452880139649398],[-99.21852259961845,19.453054089879572],[-99.21736482026759,19.4536711096228],[-99.21676650990072,19.454284450273533],[-99.2152851200041,19.45622385958272],[-99.21485614025967,19.457371340457254],[-99.2142479200028,19.45855882036987],[-99.21393934994532,19.460405850252126],[-99.21263148958995,19.462451350379993],[-99.2135444296727,19.46291899959798],[-99.21214839953042,19.46711391017372],[-99.21178528041403,19.46708191975659],[-99.21172882041638,19.46713785960221],[-99.21153665985194,19.46799335035164],[-99.21096068002873,19.468267509696595],[-99.20991204964162,19.469381619970786],[-99.20886265022435,19.47008232010817],[-99.20717364967244,19.46956811995019],[-99.20682496967201,19.47121508042814],[-99.20496719984021,19.472192259678554],[-99.20232689030951,19.47301465012975],[-99.20084345551608,19.473352360465267]]]}}]}